ESPEDIENTEA /EXPEDIENTE|LOTE|ZERBITZUA|SERVICIO|KONTRATU MOTA /TIPO CONTRATO|PROZEDIURA /PROCEDIMIENTO|OINARRIZKO AURREKONTUA / IMPORTE LICITACION (SIN IVA)|OINARRIZKO AURREKONTUA / IMPORTE LICITACION (CON IVA)|KONTRATISTA / CONTRATISTA|KONTRATU SINADURA / FIRMA DE CONTRATO|IRAUPENA / DURACION|ADJUDIKAZIOAREN ZENBATEKOA / IMPORTE ADJUDICACIÓN (SIN IVA)|ADJUDIKAZIOAREN ZENBATEKOA / IMPORTE ADJUDICACIÓN  (CON IVA)|KONTRATU AMAIERA /CONTRATO VENCIDO|LUZAPENAK (URTEAK) / PRORROGA/AÑOS|SAILA / DEPARTAMENTO|OHARRAK / OBSERVACIONES|FIN PRORROGA|PREAVISO 1º PRORROGA ANTES DEL |PREAVISO 2º PRORROGA ANTES DEL |PREAVISO 3º PRORROGA ANTES DEL |ARTXIBO KUTXA / CAJA ARCHIVO||
V-05/14||KUADRILLATEGI, PASAIAKO GAZTEEN HIZKUNTZA OHITURETAN ERAGITEKO EGITASMOA|KUADRILLATEGI, PROYECTO PARA INCIDIR EN LOS HÁBITOS LINGÜISTICOS DE LOS JOVENES DE PASAIA|Zerbitzua|Irekia|10.270 € por grupo||TTAKUN KULTUR ELKARTEA|2014/11/17|2 AÑOS + 2 PRORROGAS / ANUALES |11497,40 € Talde bakoitzeko||SI||EUSKARA||||||PAZ-44||
V-04/14||PASAIAKO UDALEKO HAUR ESKOLA|ESCUELA MUNICIPAL INFANTIL DE PASAIA|Kudeaketa|Irekia|19703,75||LILITEGIA S.L.|2014/09/04|3 AÑOS+3 PRORROGAS ANUALES|19703,75||SI||KULTURA||2020/08/31||||PAZ-43||
OM-02/14||TRINTXERPEKO HOCKEY ETA FUTBOL ZELAIKO BELAR ARTIFIZIALA BERRITZEA|RENOVACIÓN DE LA HIERBA ARTIFICIAL DEL CAMPO  DE HOCKEY Y FUTBOL DE TRINTXERPE|Obra|Negoziatua-Publizitaterik gabe|115392,48|139624,9|FIELDTURF POLIGRAS S.A|2014/01/13|4 SEMANAS||138183,33|SI||||||||PAZ-44||
V-10/15||UDAL GAZTELEKUEN KONTRATAZIOA |GAZTELEKUS MUNICIPALES|Zerbitzua|Txikia|||KANTAURI LUDIKO ELKARTEA -ASOCIACION LUDICA KANTAURI ELKARTEA|2015/07/29|Desde 1-09-2015 hasta que comience a prestar servicio el ajudicatorio del procedimineto abierto|5719,39||SI||GAZTERIA||||||PAZ-44||
V-02/14||UDAL ZERGAK IKUSKATZEKO LAGUNTZA TEKNIKOA|ASISTENCIA TÉCNICA PARA LA INSPECCIÓN DE LOS TRIBUTOS DE CARÁCTER MUNICIPAL|Zerbitzua|Irekia||30 € Por exp., 60% de los cobros puntuales, 30% de las cantidades de actos tributarios aislados|COORDINADORA DE GESTION DE INGRESOS S.A.|3-10-2014|2 AÑOS + 2 PRORROGAS / ANUALES ||20 € Por exp., 40% de los cobros puntuales, 20% de las cantidades de actos tributarios aislados|SI||ERRENTAK||||||PAZ-45||
froga|Lote 1|PASAI ANTXOKO IBAIONDO FRONTOIKO EDARITEGIRAKO ALTZARIAK ETA ETXE TRESNAK HORNITZEA|SUMINISTRO DE MOBILIARIO Y ELECTRODOMÉSTICOS EN EL AMBIGÚ DEL FRONTÓN IBAIONDO DE PASAI ANTXO|Horniketa|Irekia|39038,84|47237|HOSTELBERRI, S.L.|25-12-2015|1 MES||30254,84|SI||HIRIGINTZA||||||||
froga|Lote 2|PASAI ANTXOKO IBAIONDO FRONTOIKO EDARITEGIRAKO ALTZARIAK ETA ETXE TRESNAK HORNITZEA|SUMINISTRO DE MOBILIARIO Y ELECTRODOMÉSTICOS EN EL AMBIGÚ DEL FRONTÓN IBAIONDO DE PASAI ANTXO|Horniketa|Irekia|16850,26|20388,82|José Javier Jimeno Goicoechea|30-12-2015|1 MES  ||14912,77|SI||HIRIGINTZA||||||||
OM-01/15||PASAI DONIBANEKO J.J. OTAEGI PLAZAKO ESKOLA OIHAN ESTALKIA BERRITZEKO LANAK|RENOVACIÓN DE LA CUBIERTA DEL ANTIGUO EDIFICIO DE LAS ESCUELAS J.J. OTAEI DE DONIBANE|Obra|Txikia|||ARRANBIL ERAIKUNTZAK S.L.|2015/07/13|Hasta finales de septiembre del 2015||52984,27|SI||ZERBITZUAK||||||PAZ-44||
OM-2/15||TRINTXERPEKO AZOKAKO IGOGAILU BERRIA JARTZEKO OBRA|OBRA DE INSTALACIÓN DE NUEVO ASCENSOR EN EL MERCADO DE TRINTXERPE|Obra|Txikia|||ASTIARAN S.L.|2015/10/26|1 MES|43080|52126,8|SI||ZERBITZUAK||||||PAZ- 47||
V-12/15||ALBOKO ZAMADUN EDUKIONTZIAK BILTZEKO IBILGAILU TRINKOTZAILEA EROSTEA|ADQUISICION DE VEHÍCULO COMPACTADOR PARA RECOGIDA DE CONTENEDORES DE R.S.U. DE CARGA LATERAL|Horniketa|Irekia|77000|93170|ENVIRO RENT XXI, S.L|1-12-2015|30 Días naturales||89540|SI||ZERBITZUAK||||||PAZ-47||
V-11/15||ZABORRA BILTZEKO EDUKIONTZIAK EROSTEA|ADQUISICION DE CONTENEDORES DE RECOGIDA DE RESIDUOS|Horniketa|Negoziatua-Publizitaterik gabe|41322,31|50000|PLASTIC OMNIUM SISTEMAS URBANOS S.A.U|15-12-2015|1 año,||49171,86|SI||ZERBITZUAK||||||PAZ- 47||
V-05/15||SU ARTIFIZIALAK 2015|FUEGOS ARTIFICIALES 2015|Horniketa|Txikia||3000|PIROTECNIA VALECEA-PIR S.L.|2015/06/17|1 DÍA (31 DE JULIO 2017)||3000|SI||FESTAK||||||PAZ-47||
V-01/16||PASAI DONIBANEN GIZARTE, KULTURA ETA KIROL EKIPAMENDUA ERAIKITZEKO PROIEKTUAREN LAUGARREN FASEKO OBRAK EGUNERATZEA”|CONSTRUCCIÓN DE EDIFICIO PARA EQUIPAMIENTO SOCIOCULTURAL Y DEPORTIVO EN PASAI DONIBANE CONTENIDAS EN EL PROYECTO “ ACTUALIZACIÓN DE LA 4ª FASE DEL PROYECTO DE CONSTRUCCIÓN DE EDIFICIO PARA EQUIPAMINETO SOCIO-CULTURAL Y DEPORTIVO”|Obra|Irekia|1819598,03|2201713,62|ALTUNA Y URIA, S.A|04-03-2016|11 MESES||1401532,13|SI||HIRIGINTZA||||||||
||PASAI DONIBANEKO ALABORTZA HONDARTZAREN IPARRALDEKO SEKTOREAN MENDI-HEGALA EGONKORTZEKO OBRAK|OBRAS DE ESTABILIZACIÓN DE LA LADERA EN EL SECTOR NORTE DE LA CALA ALABORTZA- PASAI DONIBANE-|Obra|Irekia|540641,2|654175,85|UTE ALABORTZA, constituída por las empresas TECNICOS EN ESTABILIZACIONES E INYECCIONES, S.A. (TESINSA) y CONSTRUCCIONES ALZOLA, S.L|29-12-2015|3 meses||423829,7|SI||HIRIGINTZA||||||||
V-09/15||UDAL GAZTELEKUEN KONTRATAZIOA 2015/2018|UDAL GAZTELEKUEN KONTRATAZIOA 2015/2018|Zerbitzua|Irekia|192000|232320|ASOCIACIÓN  LUDICA “KANTAURI ELKARTEA”|20-10-2015|2 AÑOS + 2 PRORROGAS / ANUALES ||58080 € / Año + 29.040 año Antxo|SI|2017: 1ª prorroga.         2018: 2ª prorroga|GAZTERIA||||||PAZ-48||
 ||GIZARTE-, KULTURA- ETA KIROL-EKIPAMENDUA  PASAI DONIBANEN.   - 4. FASEA-” Aholkularitza teknikoa|EQUIPAMIENTO SOCIO-CULTURAL-DEPORTIVO EN PASAI DONIBANE  -4ª FASE- asesoria técnica|Zerbitzua|Irekia|74380,37|90000,25|ESTUDIO K, SOCIEDAD COOPERATIVA|13-10-2015|14 MESES|53100|64.251,00 euros|SI||HIRIGINTZA||||||||
V-06/15||HAINBAT KIROL MATERIAL EROSTEA TRINTXERPEKO KIROLGUNEKO GIMNASIORAKO| MATERIAL DEPORTIVO PARA GIMNASIO PARA EL GIMNASIO DEL COMPLEJO DEPORTIVO DE TRINTXERPE|Horniketa|Negoziatua-Publizitaterik gabe|39669,42|48.000,00 €|EXERCYCLE, S.A|24-08-2015|1 mes||47772,08|SI||||||||||
V-13/15||ELIZGAIN ERAIKINEKO GIZARTE ZENTROAN ILE-APAINDEGI ZERBITZUA|SERVICIO DE PELUQUERÍA EN EL CENTRO SOCIAL DEL EDIFICIO ELIZGAIN|Zerbitzua|Irekia||canon mensual mínimo de 150,00 euros|DESIERTO ( Dª MARIA DEL CARMEN MARIÑO AGUIAR)|12-02-2016|2 AÑOS + 2 PRORROGAS / ANUALES ||canon de 150,-- euros/mes.|SI|2018: 1ª prorroga        2019: 2ª prorroga          2020: Nueva contratatación|GIZARTEKINTZA||2020/02/11|2018/02/11|2019/02/11||PAZ-49||
V-14/15||SAN PEDROKO JUBILATUEN ETXEKO  GIZARTE ZENTROAN ILE-APAINDEGI ZERBITZUA|SERVICIO DE PELUQUERÍA EN EL CENTRO SOCIAL DEL HOGAR DEL JUBILADO DE SAN PEDRO.|Zerbitzua|Irekia||canon mensual mínimo de 75 euros|Dª. Rut Martin Otero|03-05-2016|2 AÑOS + 2 PRORROGAS / ANUALES ||canon de 75,-- euros/mes.||2018: 1ª prorroga        2019: 2ª prorroga          2020: Nueva contratatación|GIZARTEKINTZA||2020/05/02|2018/05/02|2019/05/02||PAZ-49||Idoiak dauka 2021-06-14
V-18/15||HERRITARREN ARRETARAKO ZERBITZUA ABIARAZTEKO ADMINISTAZIO PROZEDUREN ESKULIBURUA EGITEKO ZERBITZUA|SERVICIO PARA LA REALIZACIÓN DEL MANUAL DE PROCEDIMIENTO ADMINISTRATIVOS PARA LA PUESTA EN MARCHA DEL SERVICIO DE ATENCIÓN CIUDADANA|Zerbitzua|Txikia|||OTXANDIO & TEAM CONSULTING S.L.|2015/11/26|9 meses|17999,99|21779,99|SI||PERTSONALA||||||PAZ-48||
||PASAI ANTXOKO LUZURIAGA 3.02.1 HIRI EREMUKO ZOLADURA BERRITZEKO OBRAK EGIKARITZEA|OBRAS DE RENOVACIÓN DEL PAVIMENTO DEL ÁREA URBANA 3.02.1 LUZURIAGA EN PASAI ANTXO|Obra|Negoziatua-Publizitaterik gabe-Premiazkoa|178744,74|216,281,13|ASFALTIA S.L.|09-12-2015|3 semanas||148476,99|SI||||||||||
OM-6/15||TRINTXERPEKO ARANEDERKO KIROL PISTA BIRMOLDATZEA|REMODELACIÓN DE LA PISTA DEPORTIVA DE ARANEDER EN TRINTXERPE|Obra|Negoziatua-Publizitaterik gabe-Premiazkoa|108107,5|130810,08|HOBBY KIROLAK, S.L|17-12-2015|5 semanas||128931,55|SI||ZERBITZUAK||||||PAZ-47||
OM-08/15||PASAIAKO EDATEKO UR-HORNIDURAREN HODITERIAREN BERRIKUNTZA – JAIZKIBELGO URA-BILTZEKO INSTALAZIOETATIK EDATEKO URA ERAMATEN DU PASAI DONIBANE ETA ANTXORA|RENOVACIÓN DE LAS CONDUCCIONES DE SUMINISTRO DE AGUA DESDE LAS INSTALACIONES DE RECOGIDA HASTA PASAI DONIBANE Y ANTXO|Obra|Negoziatua-Publizitaterik gabe-Premiazkoa|119995,12|145194,1|URBYCOLAN, S.L.|21-12-2015|21 días naturales||143742,15|SI||ZERBITZUAK||||||PAZ-48||
||PASAI SAN PEDRON URRESTARAZU KALEKO BERRURBANIZATZE PARTZIALERAKO OBRAK|OBRAS DEL PLAN PARCIAL DE REURBANIZACIÓN DE LA CALLE URRESTARAZU EN SAN PEDRO|Obra|Negoziatua-Publizitaterik gabe-Premiazkoa|81707,45|98866,01|URBYCOLAN, S.L.|21-12-2015|6 SEMANAS||78301,12|SI||||||||||
V-04/15||DONIBANEKO KIROLGUNEAN HAINBAT KIROL MATERIAL HORNITZEA ETA INSTALATZEA| EREMU TEMOLUDIKO BAT EGOKITZEA ETA SAUNA LEHORRA ETA SAUNA HEZEA INSTALATZEA.|SUMINISTRO E INSTALACIÓN DE DIVERSO MATERIAL DEPORTIVO Y EL SUMINISTRO, ADECUACIÓN DEL ESPACIO E INSTALACIÓN DE UNA SAUNA SECA Y OTRA HUMEDA PARA EL ESPACIO TERMOLÚDICO, AMBOS EN EL COMPLEJO  DEPORTIVO DE DONIBANE|Horniketa|Negoziatua-Publizitaterik gabe-Premiazkoa|- Lote 1-. 28.925,62   - Lote 2- 22.314,05|- Lote 1-. 35.000,00 €  - Lote 2- 27.000,00 |- Lote 1:EXERCYCLE, S.L      2- Lote 2: ARGYSAN, S.L|- Lote 1: 27-08-2015  -Lote 2: 04-09-2015|1 MES||- Lote 1: 28.978,71   - Lote 2:26.999,94|SI||||||||PAZ-46|
||PASAI SAN PEDRON, PROISA KULTUR GUNEKO ORUBEA AISIA ETA KIROL GUNE BIHURTZEKO EGOKITZAPEN-OBRAK EGIKARITZEA|EJECUCIÓN DE OBRAS DE ADECUACIÓN DEL SOLAR DEL CENTRO CULTURAL PROISA COMO CENTRO DE OCIO Y DEPORTE|Obra|Negoziatua-Publizitaterik gabe-Premiazkoa|58776,61|71119,7|EXCAVACIONES Y TRANSPORTES ORSA,S.L|29-12-2015|3 SEMANAS||55828,96|SI||||||||||
V-03/15||UDALEKU IREKIEN KONTRATAZIOA 2015-2018|UDALEKU IREKIEN KONTRATAZIOA 2015-2018|Zerbitzua|Irekia|225000|272000|URTXINTXA  AISIALDIKO ESKOLA-GIPUZKOA|29-05-2015|2 AÑOS + 2 PRORROGAS / ANUALES |67500 (Exento IVA)||SI||||||||PAZ-46||
V-02/15||SUKALDE ETA JANGELA ZERBITZUA: PASAI SAN PEDROKO ZAHARREN EGOITZA, JOKIN AMONDARAIN APARTAMENTUAK ETA EGUNEKO ZENTROA|SERVICIO DE COCINA-COMEDOR DE LA RESIDENCIA DE ANCIANOS DE PASAI SAN PEDRO, LOS APARTAMENTOS JOKIN AMONDARAIN Y EL CENTRO DE DÍA|Zerbitzua|Irekia|246100||DESIERTO|||||SI||ZAHARREN EGOITZA||||||PAZ-56||
||PASAI DONIBANEKO ALABORTZA KALA BERRESKURATZEKO|RECUPERACIÓN DE LA CALA  ALABORTZA. PASAI DONIBANE|Obra|Irekia|360366,99|436044,06|INICIATIVAS PARA LA CONSTRUCCION Y OBRA CIVIL, S.L. (INCOC, S.L.) (terralvira)|08-11-2016|75 DÍAS NATURALES||330870,23|SI||||||||||
V-16/15||PASAIAKO LOGOTIPOA|LOGOTIPO DE PASAIA|Zerbitzua||||EÑAUT LEGARDA (IRARKI)|||||SI||||||||PAZ-49 (ESP. RAFEL-ek DAUKA 2016/05/05 etik)||
V-02/16||AZTIKER ENPRESAK LANDUTAKO LAU AGIRIEN ITZULPENA|TRADUCCIÓN DE CUATRO DOCUMENTOS REMITIDOS POR LA EMPRESA AZTIKER|Zerbitzua|Txikia|||BITEZ|2016/01/27|11 DÍAS||1972,11|SI||||||||PAZ-49||
V-03/16||IBAIONDO FRONTOIKO KANTINAREN USTIAPENA ETA ZERBITZU OSAGARRIAK (I)|EXPLOTACIÓN DE LA CANTINA DEL FRONTON IBAIONDO DE ANTXO Y SERVICIOS COMPLEMENTARIOS (I)|Kudeaketa|Irekia||No se establece canon mensual|DESIERTO|||||SI||GAZTERIA||||||PAZ-52||
V-05/16||ARROKAUNDIETA UDAL ATERPETXEAREN KUDEAKETA ETA ANIMAZIOA|GESTIÓN Y ANIMACIÓN DEL ALBERGUE|Kudeaketa|Irekia||canon mensual mínimo de 300,00|URTXINTXA  AISIALDIKO ESKOLA-GIPUZKOA|01-07-2016|2 AÑOS + 2 PRORROGAS / ANUALES ||400,00 euros/mes|SI||GAZTERIA||2020/06/30|30/02/2018|30/02/2019||PAZ-50||
V-04/16||TRINTXERPEKO JUBILATUEN ETXEKO TABERNAREN USTIAPENA|EXPLOTACIÓN DEL BAR DEL HOGAR DE JUBILADOS DE TRINTXERPE|Ustiapena|Irekia||canon mensual mínimo de 200,00 euros,|Cruz  Mª Larrañaga Urain|2016/07/01|2 AÑOS + 2 PRORROGAS / ANUALES || 400,00 euros/mes|SI||GIZARTEKINTZA||2020/06/30|30/02/2018|30/02/2019||PAZ-50||
||BORDAENEA KALEKO PROIEKTU BEREZUAB JASOTAKO OBRAK EGIKARITZEA|EJECUCIÓN DE LAS OBRAS CONTENIDAS EN EL PROYECTO SEPARADO DE LA CALLE BORDA ENEA|Obra|Negoziatua-Publizitaterik gabe|123416,09|149333,47|Otegui-Gaztañaga, S.L|30-09-2016|9 semanas||129257,98|SI||||||||||
V-06/16||ANDONAEGI JAUREGIKO ETA TRINTXERPEKO ALKATEORDETZAKO GARBIKETA ZERBITZUA|SERVICIO DE LIMPIEZA DEL PALACIO ANDONAEGI Y DE LA TENENCIA ALCALDIA DE TRINTXERPE|Zerbitzua|Txikia|||LIMPIEZAS TXINGUDI 2001 S.L.|2016/05/10|Hasta finales del 2016|1318,15|1594,96|SI||ZERBITUZAK||||||PAZ-49||
V-09/16||IBAIONDO FRONTOIKO KANTINAREN USTIAPENA ETA ZERBITZU OSAGARRIAK|EXPLOTACIÓN DE LA CANTINA DEL FRONTON IBAIONDO DE ANTXO Y SERVICIOS COMPLEMENTARIOS|Ustiapena|Irekia||No se establece un canon mensual mínimo|Maria Isabel Barrenetxea Aguirre|2016/08/08|2 AÑOS + 2 PRORROGAS / ANUALES || 100,00 euros/mes|SI||KIROLAK|No quieren prorrogar|||||PAZ-52||
V-12/16||DONIBANEKO KIROLGUNEKO INSTALAZIOEN KUDEAKETA |GESTION DE LAS INSTALACIONES DEL COMPLEJO  DEPORTIVO  DE DONIBANE|Kudeaketa|Irekia|68727,27|83160|BPXPORT KIROL ZERBITZUAK, S.L|2016/09/27|2 AÑOS + 2 PRORROGAS / ANUALES ||83.160,-- euros/año|SI|Renuncia a prorroga|KIROLAK||||||PAZ-52||
V-10/16||HAUR, NERABE ETA GAZTEENTZAKO IKASTAROAK |CURSOS PARA NIÑOS/AS, ADOLESCENTES Y JÓVENES |Zerbitzua|Irekia|73523,32|80875,65|ARTETIK  ELKARTE KULTURALA|2016/08/22|2 AÑOS + 2 PRORROGAS / ANUALES |15860,00 Exento IVA||SI||GAZTERIA||2020/08/21|2018/04/21|2019/04/21||PAZ-53||
||DONIBANEKO GIZARTE- ETA KULTURA-ERAIKINEKO EKIPAMENDU ESZENIKOAREN INSTALAZIOA |INSTALACIÓN DEL EQUIPAMIENTO ESCÉNICO EN EL EDIFICIO SOCIOCULTURAL DE DONIBANE|Obra|Irekia-Premiazkoa|- LOTE 1: 159.100,00€    - LOTE 2: 351.831,85€  |- LOTE 1: 192.511,00€  - LOTE 2: 425.716,54,79€|- Lote 1: GALVAN SPORT, SOCIEDAD LIMITADA   - Lote 2: DARDARAK, S.L||- LOTE 1: 25 días                               - LOTE 2: 25 días ||- Lote 1: 120.013,26      - Lote 2: 324.303,05|SI||HIRIGINTZA||||||||
V-24/16||INFORMATIKAKO TRESNAK EROSTEA HAZ-KO BULEGORAKO|SUMINISTRO DE EQUIPAMIENTO INFORMÁTICO PARA LAS OFICINAS DEL SAC|Horniketa|Negoziatua-Premiazkoa|LOTE 1:  15.702,00 €  LOTE 2:  9.091,00 €  LOTE 3: 4.132,00 €  LOTE 4:  4.545,00  €  |LOTE 1: 19.000,00 €  LOTE 2: 11.000,00   LOTE 3: 5.000,00  LOTE 4: 5.500,00 |Lote 1: HAITZANDI, S.L               Lote 2: MAKELSAKO GIPUZKOA S.L                                            -Lote 3:SUPER MICRO COMPUTER SPAIN, S.L         -Lote 4: TELENOR COMUNICACIONES, S.L||Lote 1: 45 días naturales.  Lote 2: 45 días naturales. Lote 3: 45 días naturales.  Lote 4:  45 días naturales.  ||- Lote 1: 17.132,90        - Lote 2: 10.445,54   - Lote 3: 4.968,70      -Lote 4: 5.274,16|SI||INFORMATIKA||||||PAZ-54||
V-23/16||PASAIAKO UDALAREN ETA BERE ERAKUNDE AUTONOMOEN AHOTS ETA DATU-KOMUNIKAZIOAK HOBETZEKO ZERBITZUA|SERVICIO DE MEJORA EN LAS COMUNICACIONES DE VOZ Y DATOS DEL AYUNTAMIENTO DE PASAIA Y SUS ORGANISMOS AUTÓNOMOS|Zerbitzua|Negoziatua-Publizitaterik gabe|51240|62000|IRONTEC, INTERNET Y SISTEMAS SOBRE GNU/LINUX S.L.|2016/12/28|1 año,|60766,2||SI||IDAZKARITZA||||||PAZ-54||
||PASAI ANTXO IPARREKO HIRIGUNEAREN BERRURBANIZAZIOA (C-6 FASEA GELASIO ARANBURU KALEA)|REURBANIZACION DE LA ZONA URBANA PASAI ANTXO NORTE  (FASE C-6 CALLE GELASIO ARANBURU)|Obra|Irekia-Premiazkoa|515952,47|624302,49|ASFALTADOS Y CONSTRUCCIONES MORGA, S.L|15-12-2016|5 semanas||436888,19|SI||||||||||
V-27/16||HAZ BULEGOTARAKO ALTZARIAK|MOBILIARIO DE LAS OFICINAS DEL SAC|Horniketa|Txikia|||BIGARA EQUIPAMIENTO DE OFICINA, S.L.|2016/12/27||15770,75|19081,61|SI||IDAZKARITZA||||||PAZ-54||
V-08/16||TRINTXERPEKO KIROLGUNEKO INSTALAZIOEN KUDEAKETA|GESTION DE LAS INSTALACIONES DEL COMPLEJO  DEPORTIVO  DE TRINTXERPE|Kudeaketa|Irekia|61685,95|74640|BPXPORT KIROL ZERBITZUAK, S.L|24-08-2016|2 AÑOS + 2 PRORROGAS / ANUALES ||74640|||||2020/08/23|2018/04/22|2019/04/22||PAZ-55||
V-11/16||UDAL LUDOTEKEN KUDEAKETA ETA ANIMAZIOA |GESTIÓN Y ANIMACIÓN DE LAS LUDOTECAS MUNICIPALES|Kudeaketa|Irekia|151287,3|166416,03|ASOCIACIÓN  LUDICA “KANTAURI ELKARTEA|30-08-2016|2 AÑOS + 2 PRORROGAS / ANUALES |143.687,30 euros/año, (exento  IVA)||SI||GAZTERIA||2020/08/29|2018/04/29|2019/04/29||PAZ-53||
OM-08/16||HIRU BULEGO EGOKITZEA HERRITARREN ARRETA ZERBITZURAKO (HAZ)|LAS OBRAS PARA LA HABILITACIÓN DE TRES OFICINAS DE SERVICIO DE ATENCIÓN A LA CIUDADANIA (SAC)|Obra|Negoziatua|78917,55|95490,23|ADURIZ LUJANBIO, S.L.|21-11-2016|3 meses||78200|SI||IDAZKARITZA||||||PAZ-56||
V-13/16||PASAIAKO UDALERRI OSOAN IBILGAILUEN APARKALEKUAK ARRAZIONALIZATZEKO, KUDEATZEKO ETA ANTOLATZEKO PLANA|REALIZACION DEL PLAN DE ORDENACION, GESTION Y RACIONALIZACION DEL ESTACIONAMIENTO DE VEHICULOS EN EL MUNICIPIO DE PASAIA|Zerbitzua|Negoziatua-Publizitaterik gabe|28925,62|35000|ASMATU, S.L.P., TEMA INGENIERIA, S.L. Unipersonal|16-11-2016|5 meses||21699,99|SI||IDAZKARITZA||||||PAZ-54||
OM-05/16||TRINTXERPE, AZKUENEKO BIRIBILGUNEAREN BERRURBANIZAZIO OBRAK|OBRAS DE REURBANIZACIÓN DE LA ROTONDA DE AZKUENE EN TRINTXERPE|Obra|Txikia|||TEC-NATURA|128-09-2016|2 meses|45668,88|55259,34|SI||ZERBITZUAK||||||PAZ-52||
V-07/16||SU ARTIFIZIALAK 2016|FUEGOS ARTIFICIALES 2016|Horniketa|Txikia||3000|PIROTECNIA VALECEA-PIR S.L.|2016/06/02|1 DÍA (31 DE JULIO 2017)||3000|SI||FESTAK||||||PAZ-53||
V-01/16||PASAIAKO UDALEKO ETA BERE ERAKUNDE AUTONOMOETAKO KOMUNIKAZIO-ZERBITZUEN KUDEAKETA|GESTIÓN DE LOS SERVICIOS DE COMUNICACIÓN DEL AYUNTAMIENTO Y SUS ORGANISMOS AUTÓNOMOS|Zerbitzua|Irekia|Lote 1-SERVICIOS DE TELEFONÍA FIJA:  20.000,00 €    Lote 2-SERVICIOS DE TELEFONÍA MÓVIL. 8.000,00 €|Lote 1-SERVICIOS DE TELEFONÍA FIJA: 24.200,00 €   Lote 2-SERVICIOS DE TELEFONÍA MÓVIL. 9.680,00|EUSKALTEL|06-06-2016|2 AÑOS + 2 PRORROGAS / ANUALES ||- Lote 1: Telefonía fija:  14.292,15 euros.   -  Lote 2 :Telefonía movil : 3.692,56  euros  |SI||INFORMATIKA||2020/06/05|2018/06/05|2019/06/05||PAZ-51||
||MOLINAO-ITSASADARRA ESPARRUAN URBANIZAZIOA, ANTXORA SARTZEKO BIRIBILGUNEAREN ETA PABINSA ERAIKINAREN ARTEAN|URBANIZACIÓN DEL ÁMBITO MOLINAO-ITSASADARRA ENTRE LA ROTONDA DE ACCESO A ANTXO Y PABINSA|Obra|Irekia|434547,31|525802,25|INICIATIVAS PARA LA CONSTRUCCION Y OBRA CIVIL, S.L. (INCOC, S.L.)|03-11-2016|13 Semanas||401134,53|SI||HIRIGINTZA||||||||
OM-01/16||ANDONAEGIKO FUTBOL-ZELAIKO ALDAGELEN ERAIKIN BERRIA|NUEVO EDIFICIO DE VESTUARIOS EN EL CAMPO DE FÚTBOL DE ANDONAEGI|Obra|Negoziatua-Publizitaterik gabe|179471,97|217161,08|CONSTRUCCIONES ASTIARAN, S.L|29-07-2016|75 días||200179,08|SI||ZERBITZUAK||||||PAZ-50||
V-01/17||FOTOKOPIAGAILUEN EROSKETA|COMPRA DE FOTOCOPIADORAS|Horniketa|Txikia|||2008 MAQUELSA GIPUZKOA S.L.|2017/05/07||12905,88|15616,11|SI||INFORMATIKA||||||PAZ-56||
V-02/17||PASAIAKO UDALAREN ETA BERE ERAKUNDE AUTONOMOEN ONDARE-ERANTZUKIZUNA ETA ONDASUNEN GAINEKO KALTEAK ESTALTZEKO ASEGURUAK|SEGUROS DE RESPONSABILIDAD PATRIMONIAL Y DE DAÑOS EN BIENES DEL AYUNTAMIENTO DE PASAIA Y SUS ORGANISMOS AUTONOMOS|Zerbitzua|Irekia|LOTE 1: Res. Civil: 32.000  LOTE 2: Seg. Daños Bienes: 20.000||Lote 1: SEGURCAIXA ADESLAS, S.A. DE SEGUROS Y REASEGUROS /  LOTE2:  AXA SEGUROS GENERALES, S.A. DE SEGUROS Y REASEGUROS|LOTE 1 Y LOTE 2: 26/06/2017 ( servicio a partir 01/07/2017)|2 AÑOS + 2 PRORROGAS / ANUALES|Lote 1: 24.664,90   €                                       Lote 2:  18.826,53 €||SI|2019: 1ª prorroga.         2020: 2ª prorroga|IDAZKARITZA||2020/12/31|2018/12/31|2019/12/31||PAZ-60||
||PASAIAKO ZAHARREN EGOITZA FUNDAZIO PUBLIKOKO LAGUNTZA-ZERBITZUAK ETA ZERBITZU OSAGARRIAK.|SERVICIOS ASISTENCIALES Y COMPLEMENTARIOS DE LA FUNDACIÓN PÚBLICA RESIDENCIA DE ANCIANOS DE PASAIA|Zerbitzua|Harmonizatua|618.606,39 euros/año (  597.173,32 corresponden a los servicios de Residencia y centro de dia y de 21.433,07 €/año al  centro diurno Elizgain)||CLECE, S.A.-ZAINTZEN, SAU, Unión Temporal de Empresas Ley 16/1982, de 26 de mayo”, denominada abreviadamente “UTE PASAIAKO ZAHARREN EGOITZA|2017/08/02|2 AÑOS + 2 PRORROGAS / ANUALES|602999,14|627119,11|SI|2019: 1ª prorroga.      Eta azkena KABIAN sartu|ZAHARREN EGOITZA||2019/12/31||||PAZ-63||
||PASAI SAN PEDROKO ZAHARREN EGOITZA ETA EGUNEKO ZENTROAREN ETA “JOKIN AMONDARAIN” ETXEBIZITZETAKO EREMU ERKIDEEN GARBIKETA|LIMPIEZA DE LA RESIDENCIA DE ANCIANOS DE PASAI SAN PEDRO Y DEL CENTRRO DE DÍA Y DE LAS ZONAS COMUNES DE LOS APARTAMENTOS “JOKIN AMONDARAIN”|Zerbitzua|Harmonizatua|91000||INTEGRA MANTENIMIENTO, GESTION Y SERVICIOS INTEGRADOS, CENTRO ESPECIAL DE EMPLEO, S.L.|2017/12/11|2 AÑOS + 2 PRORROGAS / ANUALES|77132,28|93330,06|SI|43810|ZAHARREN EGOITZA||||||PAZ-62||
||DONIBANEKO ITSASERTZEKO SARBIDEAK BERRESKURATZEA|RECUPERACIÓN DE LOS ACCESOS  AL LITORAL EN DONIBANE|Obra|Negoziatua|162500|162500|TEUSA TECNICAS DE RESTAURACION, S.A|2017/12/14|4 MESES||137849,89|SI||HIRIGINTZA||||||||
V-12/17||FORMAKUNTZA: BIZI GAREN GARAIKO ERREALITATERA EGOKITUTAKO ANTOLAKUNTZA ETA FUNTZIONAMENDUA DISEINATZEA|FORMACIÓN: DISEÑO DE UNA ORGANIZACIÓN Y FUNCIONAMIENTO CORRESPONDIENTES A LA REALIDAD DEL TIEMPO EN QUE VIVIMOS|Zerbitzua|Txikia|||OTXANDIO & TEAM CONSULTING S.L.|2017/05/05||7000||SI|10 SESIONES DE 4 HORAS|PERTSONALA||||||PAZ-57A||
V-02/18||UDAL LANGILEEEN OSASUN ZAINTZA|VIGILANCIA DE LA SALUD DEL PERSONAL MUNICIPAL|Zerbitzua|Irekia|14876,03|18000|URKO SERVICIOS DE PREVENCION, S.COOP.|2017/11/01|2 AÑOS + 2 PRORROGAS / ANUALES|14794|17901|SI|NO, CONTRATACIÓN CENTRALIZADA|PERTSONALA||||||PAZ-64||
OM-04/17||PASAI DONIBANEKO SANTIAGO PLAZAKO PANTALANA BERRITU  ETA ORDEZKATZEKO LANAK|OBRAS PARA LA RENOVACIÓN Y SUSTITUCIÓN DEL PANTALÁN DE LA PLAZA SANTIAGO EN PASAI DONIBANE|Obra|Negoziatua|68794,93|83241,87|ASTILLEROS AMILIBIA UNTZIOLAK, S.L|2017/08/01|1 MES||64130|SI||HIRIGINTZA||||||PAZ-58||
||PASAI SAN PEDROKO ONDARTXOKO PASEALEKUAREN URBANIZAZIOA|URBANIZACIÓN DEL PASEO DE ONDARTXO. PASAI SAN PEDRO|Obra|Irekia|458104,76|554306,76|ASFALTADOS Y CONSTRUCCIONES MORGA, S.L|2017/12/01|6 MESES||449142,16|SI||HIRIGINTZA||||||||
||PASAI DONIBANEKO HILTEGI ZAHARRA ERABERRITZEKO LANAK|OBRAS PARA LA REHABILITACIÓN DEL ANTIGUO MATADERO DE PASAI DONIBANE|Obra|Negoziatua|114743,13|138839,19|ADURIZ LUJANBIO, S.L.|2017/08/25|12 SEMANAS||130619,5|SI||HIRIGINTZA||||||PAZ-59||
||LOKALA GAZTELEKUA IZATEKO EGOKITZEA HAMARRETXETA, 25EAN (AXULAR,7)”|ACONDICIONAMIENTODE LOCAL PARA GAZTELEKU EN                C/ HAMARRETXETA, 25 (AXULAR,7|Obra|Negoziatua|69421,49|84000|ADURIZ LUJANBIO, S.L|2017/12/04|2 MESES||80639,68|SI||||||||||
V-08/17||SU ARTIFIZIALAK 2017|FUEGOS ARTIFICIALES 2017|Horniketa|Txikia||3000|CABALLER FX- GLOBAL FOC, S.L.|2017/05/31|1 DÍA (31 DE JULIO 2017)||3000|SI||FESTAK||||||PAZ-57A||
V-10/17||PASAIAKO UDALEKO HAUR ETA NERABEEN ESKUBIDEAK BERMATZEKO PLANEAN SAKONTZEKO IKERKETA SOZIOLOGIKOA|INVESTIGACION SOZIOLOGICA DE PROFUNDIZACION EN EL PLAN PARA GARANTIZAR LOS DERECHOS DE LOS NIÑOS Y ADOLESCENTES DEL AYUNTAMIENTO DE PASAIA|Zerbitzua|Negoziatua|24793,39|30000|FARAPI KOOPERATIBA ELKARTEA|2017/09/04|Hasta final de Mayo del 2018||28583,83|SI||GIZARTEKINTZA||||||PAZ-60||
V-09/17||UDALTZAINGORAKO PATRUILA-IBILGAILUA EROSTEA|ADQUISICIÓN DE VEHICULO PATRULLA PARA LA GUARDIA MUNICIPAL|Horniketa|Txikia||21780|EASO MOTOR S.A.|2017/05/18||17816,37|21557,81|SI|FORD FOCUS BERLINA TREND 1,5 TCDI 120CV|UDALTZAINGOA||||||PAZ-57A||
OM-1/17||ESNABIDEKO DEPOSITOA IRAGAZGAZTEA|IMPERMEABILIZACIÓN DEL DEPÓSITO DE ESNABIDE|Obra|Txikia|||IRET S.A|2017/02/27||44317,68|53624,39|SI||ZERBITUZAK||||||PAZ-56||
V-25/16||ETXEZ ETXEKO LAGUNTZA ZERBITZUA|SERVICIO DE AYUDA DOMICILIARIA|Zerbitzua|Irekia|1026929,54||EULEN SERVICIOS SOCIOSANITARIOS, S.A|2017/06/15|2 AÑOS + 2 PRORROGAS / ANUALES|19,94 euros/hora, (IVA del 4%, aparte), lo que hace un precio estimado del contrato, (sobre  50.460,30 horas estimadas), de 1.046.425,40 euros/año, (1.006.178,30 euros + 40.247,13 euros  correspondiente al 4% de IVA), de acuerdo con la oferta realizada ||SI||GIZARTEKINTZA||15/06/2019 No renueva||||PAZ-57A, PAZ-57B||
V-16/17||PASAI DONIBANEKO LIBURUTEGIRAKO ALTZARIEN HORNIDURA|SUMINISTRO DE MOBILIARIO PARA LA BIBLIOTECA DE PASAI DONIBANE|Horniketa|Negoziatua|42750,44|51728,03|BIGARA EQUIPAMIENTO DE OFICINA, S.L.|2017/11/08|30 DIAS NATURALES||50777,24|SI||KULTURA||||||PAZ-60||
V-13/17||LAN ARRISKUEN PREBENTZIORAKO ZERBITZU INTEGRALA|SERVICIO INTEGRAL DE PREVENCIÓN DE RIESGOS LABORALES|Zerbitzua|Negoziatua-Publizitaterik gabe|10987,34|13294,68|URKO SERVICIOS DE PREVENCION, S.COOP.|2017/11/01|2 AÑOS + 2 PRORROGAS / ANUALES||10890|SI|NO, CONTRATACIÓN CENTRALIZADA|PERTSONALA||2021/10/31|2019/10/31|2020/10/31||PAZ-58||
OM-06/17||DON BOSKOKO FUTBOL ZELAIKO BELARRA BERRITZEKO LANAK|OBRAS DE RENOVACION DE LA HIERBA ARTIFICIAL DEL CAMPO DE FUTBOL DE DON BOSKO|Obra|Irekia|305846,2|370073,9|OBRAS Y PAVIMENTOS ESPECIALES, S.A. (OPSA)|2017/09/05|7 SEMANAS||326701,25|SI||||||||PAZ-59||
V-20/17||IRRATI-IRAKURKETARAKO SISTEMA DUTEN UR-KONTAGAILUEN HORNIDURA|SUMINISTRO DE CONTADORES DE AGUA CON SISTEMA DE READIOLECTURA|Horniketa||55000|66550|ABERING CONTADORES DE AGUA, S.L|30-11-2017|15 DÍAS|El precio de este contrato, es de 57,95 euros/unidad, más 12,17 euros correspondiente al IVA. Total: 70,12 euros. (Precio total estimado: 66.473,76 euros, correspondientes a 948 contadores)||SI||||||||PAZ-61||
V-22/17||UDAL LANGILEEEN OSASUN ZAINTZA|VIGILANCIA DE LA SALUD DEL PERSONAL MUNICIPAL|Zerbitzua|Negoziatua-Publizitaterik gabe|7400|8954|DESIERTO|||||SI||PERTSONALA||||||PAZ-56||
OM-03/17||PASAI DONIBANEKO LARRABIDE ETA GAZTELUTXO BASERRIETARA DARAMAN LANDA-BIDEAREN ZORUA BERRITZEKO LANAK  |REASFALTADO DEL CAMINO RURAL DE ACCESO A LOS CASERIOS LARRABIDE Y GAZTELUTXO EN PASAI DONIBANE |Obra|Negoziatua|60186,25|72825,36|ASFALTIA S.L.|2017/06/22|15 dias||64960,23|SI||ZERBITZUAK||||||PAZ-57A||
OM-09/17||DONIBANEKO UR GORDAILUKO IRAGAZGAIZTE LANAK|OBRAS DE IMPERMEABILIZACIÓN DEL DEPOSITO DE DONIBANE|Obra|Txikia|||IRET S.A|2017/08/11|5 SEMANAS|21338,4|25819,46|SI||ZERBITZUAK||||||PAZ-58||
OM-08/17||ARROKAUNDIETAKO ATERPETXEAREN BERRIKUNTZA ETA  MODERNIZAIORAKO LANAK|OBRAS DE RENOVACIÓN Y MODERNIZACIÓN DE ARROKANDIETA|Obra|Negoziatua|- LOTE 1: 85.767,19€   - LOTE 2:  24.184,98€  | LOTE 1:  103.778,30                  - LOTE 2:  29.263,83€ |LOTE 1: ADURIZ LUJAMBIO, S.L                                                         LOTE 2: LANDART K4 INSTALACIONES||Lote 1: 6 SEMANAS    Lote 2:  4 SEMANAS||Lote 1: 103.717,57   Lote 2: 24.591,45|SI||ZERBITZUAK||||||PAZ-58||
OM-02/18||DONIBANEKO GAZTELEKUA ETA GAZTELEKUAREN IRISGARRITASUNA EGOKITZEKO OBRAK|OBRAS DE ADECUACION DE LA ACCESIBILIDAD Y ACONDICIONAMIENTO DEL GAZTELEKU DE DONIBANE Y DIRECCION DE OBRA|Obra|Irekia|140777,86|170341,21|INDENORT PV S.L. - AIZPURUA ARQUITECTOS|2018/09/20|18 SEMANAS||169316,74|SI||ZERBITZUAK||||||PAZ-65||
V-15/17||PASAI DONIBANEKO KULTURGUNERAKO BINILO ETA ERROTULAZIOAREN HORNIDURA|SUMINISTRO DE VINILOS Y ROTULACIÓN PARA EL EDIFICIO SOCIOCULTURAL DE PASAI DONIBANE|Horniketa|Txikia|||SIGNOS PUBLICIDAD & COMUNICACIÓN S.L.U.|2017/08/08||7932|9597,72|SI||KULTURA||||||PAZ-58||
OM-10/17||LOKALA GAZTELEKUA IZATEKO EGOKITZEA HAMARRETXETA 25EAN|ACONDICINAMIENTO DE LOCAL PARA GAZTELEKU EN C/ HAMARRETXETA 25|Obra|Negoziatua-Publizitaterik gabe|69421,49|84000|ADURIZ LUJANBIO, S.L|2017/12/04|2 MESES||80639,68|SI||ZERBITZUAK||||||PAZ-61||
V-24/18||AUTOMATIKOKI GARBITZEN DIREN BI KOMUNEN HORNIDURA, INSTALAZIOA (OBRA ZIBILA BARNE) ETA MANTENTZE-LANA KONTRATATZEKO|SUMINISTRO, INSTALACIÓN, INCLUYENDO OBRA CIVIL, Y MANTENIMIENTO DE 2 ASEOS AUTOLIMPIABLES|Horniketa-Obra-Mantentzea|Irekia|98760||OLPRIM INGENIERIA Y SERVICIOS S.A|2018/11/20|1 MES SUMINISTRO /MANTENIMIENTO 1 AÑO|88879|107543,59|SI||ZERBITZUAK||||||PAZ-65||
OM-03/18||SAN FERMIN ELIZAREN ALBOKO FATXADA BERRITZEKO OBRA (ANTXO)|OBRA RENOVACIÓN FACHADA LATERAL DE LA IGLESIA SAN FERMIN (ANCHO)|Obra|Txikia|||REVESTIMIENTOS LEYMA|2018/09/25|4 SEMANAS||22019,58|SI||ZERBITZUAK||||||PAZ-66||
V-23/18||POLTSA KONPOSTAGARRIAK HORNITZEKO KONTRATAZIOA|CONTRATACIÓN DEL SUMINISTRO DE BOLSAS COMPOSTABLES|Horniketa|Irekia|0,045€/bolsa / gasto máximo 57.555,00||MOHEDA & RAÑAL S.L|2019/01/14||0,0379€/bolsa  / gasto máximo 57.555,00|0,00796€/Bolsa / gasto máximo será de 69.641,55|||ZERBITZUAK|No hay fecha finalización contrato, va por cantidades|||||PAZ-65||
V-03/18||PASAI DONIBANEKO PUNTETAKO PASEALEKUAN KANTINA USTIATZEA |EXPLOTACIÓN DE LA CANTINA DEL PASEO DE PUNTAS EN PASAI DONIBANE |Emakida|Irekia|canon minimo 6000 Año||GUAJIRA SICODELICA, S.L|2018/03/22|2 AÑOS + 1 PRORROGA 2 AÑOS|13210 € Anuales|||2020:1ª y única prórroga|ALKATETZA||2022/03/21|2019/11/21|||PAZ-64||
v-11/18||“2018an PASAIAN SU ARTIFIZIALEN HORNIKETA ETA HORIEK HOBETZEA|“SUMINISTRO Y QUEMA DE FUEGOS ARTIFICIALES EN PASAIA 2018”|Horniketa|"Txikia-
Gonbidapenakin"||3000|PIROTECNIA ZARAGOZANA, S.A|2018/05/11|1 DÍA (31 DE JULIO 2018)||2700|SI||IDAZKARITZA||||||PAZ-64||
V-09/18||ALTZARI ETA EKIPAMENDUZ HORNITZEA ANTXIKO GAZTE KULTUR FAKTORIA (GAZTELEKUA)|SUMINISTRO DE MOBILIARIO Y EQUIPAMIENTO DEL LOCAL DE GAZTE KULTUR FAKTORIA (GAZTELEKU) DE ANTXO|Horniketa|Txikia|||MONTTE  PROJECTS|2018/03/08||7677,3|9289,53|SI||GAZTERIA||||||PAZ-64||
V-14/18||KALE-HEZITZAILEEN ESKU-HARTZE ZERBITZUA| INTERVENCIÓN EDUCATIVA EN MEDIO ABIERTO|Zerbitzua|Irekia|192000||GURE AMETS KULTUR ELKARTEA|2018/11/14|2 AÑOS + 2 PRORROGAS / ANUALES|192000|||2020: 1ª prorroga.         2021: 2ª prorroga|GIZARTEKINTZA||2022/11/14|2020/09/14|2021/09/14||PAZ-66               Luzapenak: 2020WLIZ0017||
V-12/18||KUADRILLATEGI – FAKTORIA, PASAIAKO GAZTEEN HIZKUNTZA OHITURETAN ERAGITEKO EGITASMOAK.|KUADRILLATEGI Y FACTORIA, PROYECTO PARA INCIDIR EN LOS HÁBITOS LINGüISTICOS DE LOS JÓVENES DE PASAIA|Zerbitzua|Irekia|Cada grupo Kuadrillategiko: 10.730 €  / Grupo factoria:  5.900 €  / Valor estimativo año 390.560,00 €||TTAKUN KULTUR ELKARTEA|25/09/2018 El contrato entrará en vigor el dia 1 de septiembre de 2018 al 31 de julio del 2018 .|2 AÑOS + 2 PRORROGAS / ANUALES|Kuadrillategi por 9,925,25 €/año  por grupo. / Faktoria:   5.457,50 €/año  por grupo.|||2020: 1ª prorroga.         2021: 2ª prorroga|EUSKARA||2022/07/31|2020/05/31|2021/05/31||PAZ-64 2. Luzapena:2021WLIZ0008||
V-18/18||DONIBANEKO KIROLGUNEKO INSTALAZIOEN KUDEAKETA (I)|GESTION DE LAS INSTALACIONES DEL COMPLEJO  DEPORTIVO  DE DONIBANE|Kudeaketa|Irekia|68727,27|83160|DESIERTO||2 AÑOS + 2 PRORROGAS / ANUALES|||SI||KIROLAK||||||PAZ-66||
V-22/18||POLTSA KONPOSTAGARRIEN LAU BANAGAILUREN HORNIDURA ETA INSTALAZIOA|SUMINISTRO E INSTALACIÓN DE CUATRO MÁQUINAS EXPENDEDORAS DE BOLSAS COMPOSTABLES|Horniketa|Irekia|28800||DORLET S.A.U|2019/01/24|60 días|28720|34751,2|SI||ZERBITZUAK||||||PAZ-69||
OM-5/18||DONIBANEKO HIRIGUNERAKO SEGURTASUN PLANA|PLAN SEGURIDAD CASCO HISTÓRICO DONIBANE|Obra|Irekia|190993,23|231101,81|ACUÑA S.A Y GIRDER INGENIEROS|2018/11/23|12 semanas||202889,77|SI||HIRIGINTZA||||||PAZ-67||
V-16/18||PASAIAKO IRISGARRITASUN PLANA IDAZTEA|REDACCIÓN DEL PLAN DE ACCESIBILIDAD DE PASAIA|Zerbitzua|Irekia-Sinplifikatua|50000|60500|INGARTEK CONSULTING S.L|2018/09/28|3 meses|37500|45375|SI||HIRIGINTZA||||||PAZ 65-2||
||“MINDFULNESS” IKASTAROA|CURSO “MINDFULNESS”|Zerbitzua|Txikia|||VEGA AYLLÓN USANOS|2019/02/11|5 MESES (ENERO-MAYO 2019)||10152|SI||GIZARTEKINTZA||||||PAZ-69||
V-04/18||POBLADO, SALINAS ETA ANDONAEGI BIZITEGIRAKO HIRI-EREMUEN BERRONERATZE, BIRGAITZE ETA KUDEAKETAN ESKU HARTZEKO PLANA/PROIEKTUA|REDACCIÓN DEL PLAN/PROYECTO PARA INTERVENIR EN LA REGENERACIÓN, REHABILITACIÓN Y GESTIÓN DE LAS ÁREAS URBANAS RESIDENCIALES POBLADO, SALINAS Y ANDONAEGI |Zerbitzua|Negoziatua|38000|45980|UTE POBLADO (AITZIKER KOOP ELKARTE TXIKIA)|2018/05/14|36 semanas|37240|45060,4|SI||HIRIGINTZA||||||PAZ 65-2||
V-05/18||HAURREN ZAURGARRITASUN ETA BABES GABEZIA EGOERAK PREBENITZEKO ETA DETEKTATZEKO, ETA ESKU HARTZE GOIZTIARRERAKO PROGRAMA|PROGRAMA DE PREVENCIÓN, DETECCIÓN E INTERVENCIÓN PRECOZ EN SITUACIONES DE VULNERABILIDAD Y RIESGO DE DESPROTECCIÓN INFANTIL|Zerbitzua|Negoziatua|42000|| JAUME GALVANY LARROUQUERE|2018/05/31|1 AÑO. |42000||SI||GIZARTEKINTZA||||||PAZ-64             ||
V-01/18||PASAIAKO UDALERRIKO HIRI-ANTOLAMENDURAKO PLAN OROKORRAREN ARURRERAPEN DOKUMENTUAREN IDAZKETA EGITEKOIDAZKETA ETA AHOLKULARITZA ZERBITZUE KONTRATUA|CONTRATO DE SERVICIOS DE REDACCIÓN Y ASESORAMIENTO PARA LA REDACCIÓN DEL DOCUMENTO DE AVANCE DEL PLAN GENERAL DE ORDENACIÓN URBANA DEL MUNICIPIO DE PASAIA|Zerbitzua|Irekia|119834,71|145000|ESTUDIO DE RENOVACION Y DESARROLLOS URBANOS (ERDU)|2018/10/22|16 meses|114345||SI||HIRIGINTZA||||||PAZ-68||
OM-04/18||ANTXOKO TOPOKO ARKUPEAK BIRGAITZEA ETA BEREN PAISAIA LEHENGORATZEA|REHABILITACIÓN Y RECUPERACIÓN PAISAJÍSTICA DE  LOS ARCOS DEL TOPO EN ANTXO|Obra|Irekia-Sinplifikatua|182004,77|220225,77|URBYCOLAN S.L.|2018/12/27|10 semanas|182004,77|220225,76|SI||HIRIGINTZA||||||PAZ-65||
V-21/18||PASAI SAN PEDROKO ZAHARREN EGOITZAKO HARRERA ZERBITZUA KONTRATATZEKO|CONTRATACIÓN DEL SERVICIO DE RECEPCIÓN EN LA RESIDENCIA DE ANCIANOS DE PASAI SAN PEDRO|Zerbitzua|Irekia|23796||GUREAK ZERBITZU ANITZAK S.L.U|2018/12/11|2 AÑOS  .PRORROGABLE ANUALMENTE 2 MAS.(2022)|22606,2||SI|KABIARA pasa da|ZAHARREN EGOITZA||2022/12/10|2020/10/10|2021/10/10||PAZ-66||
V-29/18||HARRERA ON! PROGRAMA|PROGRAMA HARRERA ON!|Zerbitzua|Txikia|||EUSKARAZ KOOP AEK|2018/12/18||||SI||GIZARTEKINTZA||||||PAZ-66||
V-18/18||DONIBANEKO KIROL INSTALAZIOAK (II)|INSTALACIONES DEPORTIVAS DE DONIBANE  -CONCESION- (II)|Zerbitzua|Irekia|68727,27|83160|BPXPORT KIROL ZERBITZUAK, S.L.|2019/01/09|2 AÑOS  .PRORROGABLE ANUALMENTE 2 MAS.(2023)|108900|90000||2021: 1ª prorroga.         2022: 2ª prorroga|KIROLAK||2023/01/09|2020/11/08|2021/11/08||PAZ-65  Luzapenak:2020WLIZ0021||
V-30/18||“EMAKIMEEN GUNEAK: MIGRATZAILEEN BILGUNEAK ETA PASAITARREN ARTEKO KULTURARTEKO ELKARRIZKETAK” PROGRAMA|PROGRAMA “ESPACIO DE MUJERES ENCUENTROS MIGRANTES Y DIALOGOS INTERCULTURALES ENTRE PASAITARRAS|Zerbitzua|Txikia|||SORBURU|2018/12/18||||SI||GIZARTEKINTZA||||||PAZ-66||
V-27/18||PASAIAKO HAUR ETA NERABEEN PARTE-HARTZE FOROAK|FORO DE PARTICIPACION DE NIÑOS/AS Y ADOLESCENTES DE PASAIA|Zerbitzua|Txikia|||FARAPI KOOPERATIBA ELKARTEA| |DICIEMRBE 2018- MARZO 2019|14876||SI||GIZARTEKINTZA||||||PAZ-66||
V-28/19||MEIPIKO HAURRENTZAKO JOLASGUNEA BERRITZEKO OBRA|RENOVACIÓN DE ZONA DE JUEGOS INFANTILES EN MEIPI|Obra|Txikia|||HAGS-SWELEK S.A.|17-12-2018||19602|23718,42|SI||ZERBITZUAK||||||PAZ-66||
V-20/18||DONIBANEKO HIRIGUNE HISTORIKOAN SUTEEN AURKAKO INSTALAZIOAK JARTZEKO PROIEKTUA IDAZTEA|REDACCIÓN DEL PROYECTO DE INSTALACIONES CONTRAINCENDIOS DEL CASCO HISTÓRICO DE DONIBANE|Zerbitzua|Txikia|||GIRDER INGENIEROS|2018/08/23||9500|11495|SI||ZERBITUZAK||||||PAZ-66||
V-07/19||“2019an PASAIAN SU ARTIFIZIALEN HORNIKETA ETA HORIEK HOBETZEA|“SUMINISTRO Y QUEMA DE FUEGOS ARTIFICIALES EN PASAIA 2019”|Horniketa|"Txikia-
Gonbidapenakin"||3000|GLOBAL FOC S.L. CABALLER FX|2019/05/21|Para el 31 de julio del 2019||3000|SI||IDAZKARITZA||||||PAZ-69||
V-02/19||HAURRENTZAKO UDALEKU IREKIAK|COLONIAS ABIERTAS PARA NIÑOS|Zerbitzua|Irekia|85000|93500|URTXINTXA ESKOLA|2019/05/14|2 AÑOS. PRORROGABLES ANUALMENTE 2 AÑOS MAS (2022 Y 2023)|80000|88000||2021:  1ª prorroga         2022: 2ª prorroga          2023: nueva contratacion|GAZTERIA||2023/05/14|2021/03/14|2022/03/14||PAZ-69                 Luzapena 2021WLIZ0003||
V-01/19||“GOXATU” NERABE ETA GAZTEENTZAKO ZERBITZUA|SERVIO PARA ADOLESCENTES Y JOVENES “GOXATU”|Zerbitzua|Txikia|||LAHIA 3.0|2019/01/23|ENERO-DICIEMBRE 2019||8150|SI||GIZARTEKINTZA||||||PAZ-69||
V-11/19||ANDONAEGIKO FUTBOL-HOKEY ZELAIAREN KUDEAKETA  (I)|GESTION DEL CAMPO DE FÚTBOL – HOKEY DE ANDONAEGI (I)|Kudeaketa|Irekia|34760,33|42060|DESIERTO||1 año, POSIBLE PRORROGA 1 AÑO Mäs.|||SI||KIROLAK||2021/08/27|2020/06/26|||PAZ-69||
V-03/19||GAZTELEKUAK|GAZTELEKUS MUNICIPALES|Zerbitzua|Irekia|109000|10900|KANTAURI LUDIKO ELKARTEA -ASOCIACION LUDICA KANTAURI ELKARTEA|2019/06/03|2 AÑOS. POSIBLES 2 PRORROGAS DE 1 AÑO. (2021-2022).|107.900,-- euros/año|118690||2021:  1ª prorroga         2022: 2ª prorroga          2023: nueva contratacion|GAZTERIA ||2023/06/03|2021/04/03|2022/04/03||PAZ-69                 Luzapena 2021WLIZ0004||
V-13/19||ANDONAEGIKO FUTBOL-HOKEY ZELAIAREN KUDEAKETA  (II)|GESTION DEL CAMPO DE FÚTBOL – HOKEY DE ANDONAEGI (II)|Zerbitzua|Irekia|34760,33|42060|C.D. TRINTXERPE|2019/08/28|1 año, POSIBLE PRORROGA 1 AÑO Mäs.| 1º Año: 9.945,60 €  2º Año: 3.225,60 €||SI|2020:1ª y única prórroga|KIROLAK||2021/08/27|2020/06/26|||PAZ-70|AITZIBERREK DAUKA(2021-06-30)|
V-18/19||BADIA AKTIBOA|BADIA AKTIBOA|Zerbitzua|Irekia|37125|44921,25|KIROLAISI S.L.|2019/09/12|2 AÑOS. POSIBLES 2 PRORROGAS DE 1 AÑO|35.268,75 euros/año (sin IVA)|||2021:  1ª prorroga         2022: 2ª prorroga          2023: nueva contratacion|KIROLAK||2023/09/11|2021/07/10|2022/07/10||PAZ-70 Luzapena:2021WLIZ0009||
V-16/19||EUSKALARIAK|EUSKALAKARIAK|Zerbitzua|Irekia|Grupos 1º año:1.870 , Grupos   2ª año: 1.650 €  / Asesoria externa: 860 € ||TTAKUN KULTUR ELKARTEA|2019/09/25|2 AÑOS. POSIBLES 2 PRORROGAS DE 1 AÑO|Grupo 1º año: 1.681,14 € año (Sin IVA), grupo 2º año: 1.483,36€ año (sin Iva) Asesoria externa :500€ año  (sin Iva)|||2021:  1ª prorroga         2022: 2ª prorroga          2023: nueva contratacion|EUSKERA||2023/09/24|2021/07/24|2022/07/24||PAZ-70 Luzapena:2021WLIZ0013||
V17-19||HEZIZ HITZ|HEZIZ HITZ|Zerbitzua|Irekia|Cada grupo:  750 ||URTXINTXA  AISIALDIKO ESKOLA-GIPUZKOA |2019/09/20|2 AÑOS. POSIBLES 2 PRORROGAS DE 1 AÑO|730 € (Sin IVA) anuales, por grupo|||2021:  1ª prorroga         2022: 2ª prorroga          2023: nueva contratacion|EUSKARA||2023/09/18|2021/09/18|2022/09/18||PAZ-70 Luzapena:2021WLIZ0014||
OM-01/19||PASAI ANTXOKO GURE ZUMARDIKO HARMAILAK BIRGAITZEA|REHABILITACIÓN DEL GRADERIO DE GURE ZUMARDIA EN PASAI ANTXO|Obra|Irekia|||DESIERTO|||||SI||ZERBITUZAK||||||PAZ-70||
OM-03/19||SEMAFORO ETA SARBIDEEN KONTROLERAKO OBRAK|OBRA SEMÁFOROS Y CONTROL DE ACCESOS|Obra|Irekia|83284,1|100773,76|DESIERTO|||||SI||ZERBITUZAK||||||PAZ-70||
V-08/19||HAUR ETA NERABEEN ESKUBIDEAK BERMATZEKO ESKUBIDEEN PLANA|PLAN PARA GARANTIZAR LOS DERECHOS DE LA INFANCIA Y ADOLESCENCIA|Zerbitzua|Irekia|83500|93940|FARAPI KOOPERATIBA ELKARTEA|2019/07/03|2 AÑOS. POSIBLES 2 PRORROGAS DE 1 AÑO|80.000,-- euros/anuales (Sin IVA)||EZ LA LUZATZEM / NO SE PRORROGA|2021:  1ª prorroga         2022: 2ª prorroga          2023: nueva contratacion|HAUR ETA NERABEEN ESKUBIDEEN SAILA|EZ DA LUZATZEN, ZERBITZUA EZ DA EMANGO|2023/07/02|2021/05/02|2022/05/02||PAZ-70|2021WKOM0036|
V-15/19||BERTSOLARITZA|BERTSOLARITZA|Zerbitzua|Irekia|Por grupo: 1.030  Por festival: 110||GIPUZKOAKO BERTSOZALE ELKARTEA|2019/10/12|2 AÑOS. POSIBLES 2 PRORROGAS DE 1 AÑO|Por cada grupo: 1.030 euros (sin IVA) al año. Por la visita del bertsolari + el festival de versos : 110 euros (sin IVA) al año |||2021:  1ª prorroga         2022: 2ª prorroga          2023: nueva contratacion|EUSKARA||2023/10/11|2021/08/11|2022/08/11||PAZ-71 Luzapena:2021WLIZ0012||
OM-02/19||SAN PEDROKO ESKOLETAN OZTOPO ARKITEKTONIKOAK KENTZEKO OBRAK|ELIMINACIÓN DE BARRERAS ARQUITECTONICAS EN LAS ESCUELAS DE SAN PEDRO|Obra|Irekia|75895,77|91833,88|MURGIL ERAIKUNTZAK S.L.|2019/09/19|12 semanas|75136,81|90915,54|SI||ZERBITZUAK||||||PAZ-70||
OM-04/19||SEMAFORO ETA SARBIDEEN KONTROLERAKO OBRAK|OBRA SEMAFOROS Y CONTROL DE ACCESOS (II)|Obra|Irekia|83284,1|100773,76|BITEK SISTEMAS INTEGRALES DE TELECOMUNICACIONES S.L.|2019/10/17|10 semanas|81859,32|99049,78|SI||ZERBITZUAK||||||PAZ-71||
V-09/19||IBAIONDO FRONTOIKO KANTINAREN USTIAPENA ETA ZERBITZU OSAGARRIAK(I)|EXPLOTACIÓN DE LA CANTINA DEL FRONTON IBAIONDO DE ANTXO Y SERVICIOS COMPLEMENTARIOS (I)|Kudeaketa|Irekia||Canon mensual mínimo de 100 euros|DESIERTO|||||SI||KIROLAK||||||PAZ-70||
OM-06/18||PASAIAKO BIDEAK BERRASFALTATZEKO OBRAK|OBRAS DE REASFALTADO EN VIALES DE PASAIA|Obra|Irekia|107186,72|129695,93|PROBISA VIAS Y OBRAS S.L|2019/03/06|8 semanas|95504|115559,84|SI||ZERBITZUAK||||||Paz-69||
OM-05/19||PASAI ANTXOKO GURE ZUMARDIKO HARMAILAK BIRGAITZEA|REHABILITACIÓN DEL GRADERIO DE GURE ZUMARDIA EN PASAI ANTXO|Obra|Irekia|53157,52|64320,6|URBYCOLAN S.L.|2019/11/11|12 semanas|52362,22|63358,29|SI||ZERBITUZAK||||||PAZ-71||
V-26/18||ADMINISTRAZIO-BALDINTZA BEREZIEN AGIRIA, KALE GARBIKETARAKO AUTOPROPULTSATUTAKO BI EKORTZEKO MAKINEN HORNIDURA PROZEDURA IREKIAREN BIDEZ |CONTRATACIÓN DEL SUMINISTRO DE  DOS  BARREDORAS AUTOPROPULSADAS PARA EL SERVICIO DE LIMPIEZA VIARIA|Horniketa|Irekia|229182,5|277310,82|ROS ROCA S.A|2019/03/19|60 días|221000|267410|SI||ZERBITZUAK||||||Paz-67||
V-19/19||ELIZ GAIN|ELIZ GAIN|Zerbitzua|Irekia|30922,18|32159,07|LAHAR ELKARGOA ASOCIACIÓN PARA LA INTERVENCIÓN PSICOSOCIAL|2019/12/18|2 AÑOS. POSIBLES 2 PRORROGAS DE 1 AÑO|28.800 € / Año|||2021:  1ª prorroga         2022: 2ª prorroga          2023: nueva contratacion|GIZARTEKINTZA||2023/12/17|2021/10/17|2022/10/17||PAZ-71 Luzapenak: 2021WLIZ0020||
V-20/19||EKOIZPEN-KOORDINATZAILEA, AHOLKULARITZA TEKNIKO ESZENIKOA ETA UDALEKO LOKALEN EGOKITZE-LANAK EGITEKO ZERBITZUA|SERVICIO DE COORDINACIÓN DE PRODUCCIÓN ,ASESORÍA TÉCNICA ESCÉNICA Y ADECUACIÓN DE LOCALES MUNICIPALES DE USO SOCIO-CULTURAL|Zerbitzua|Irekia|22599|27344,79|ERAGIN STACK S.L.|2020/01/02|2 AÑOS. POSIBLES 2 PRORROGAS DE 1 AÑO|21455,1    Trabajos técnicos: 25,15 €/h       Trabajos de producción: 19,95 €|||2022:1ª prorroga        2023: 2º Pror roga      2024: Nueva contratación|KULTURA||2024/01/01|2021/11/01|2022/11/01||PAZ-71||
V-21/19||HAURREN ZAURGARRITASUN ETA BABES GABEZIA EGOERAK PREBENITZEKO ETA DETEKTATZEKO, ETA ESKU HARTZE GOIZTIARRERAKO PROGRAMA|PROGRAMA DE PREVENCIÓN, DETECCIÓN E INTERVENCIÓN PRECOZ EN SITUACIONES DE VULNERABILIDAD Y RIESGO DE DESPROTECCIÓN INFANTIL|Zerbitzua|Irekia|54000||JAUME GALVANY LARROUQUERE|2019/11/29|2 AÑOS. POSIBLES 2 PRORROGAS DE 1 AÑO|52000|||2021:  1ª prorroga         2022: 2ª prorroga          2023: nueva contratacion|GIZARTEKINTZA||2023/11/28|2021/09/28|2022/09/28||PAZ-71 Luzapena:2021WLIZ0018||
||DONIBANEKO JUBILATUEN TABERNA|BAR JUBILADOS DONIBANE|Ustiapena|Irekia||Canon mensual mínimo de 350 euros (en  el 2015 pasó a 1.00 €)|TSASO MENDIBIL eta EIDER PLAZAOLA|2013/10/04|5 AÑOS + PRORROGA 5 AÑOS|2013-2014: 350 € MENSUAL     A PARTIR DEL 2015: 1.500 € MENSUALES|||2018: 1ª prorroga        2023: Nueva contratatación|GIZARTEKINTZA||2023/10/04|2018/10/04|||Ez zen lizitazioa atera, Ondaretik tramitatua. Espedientea ondarean.||
v-27/19||ZERBITZU SAILEKO ATAL GUZTIETAKO LANGILEENTZAKO ARROPA HORNITZEA|SUMINISTRO DE VESTUARIO PARA LOS TRABAJADORES DE LAS DIFERENTES SECCIONES DEL DEPARTAMENTO DE SERVICIOS |Horniketa|Irekia|18299|22141,79|VESTUARIO LABORAL Y MATERIAL DE SEGURIDAD UMARAN S.L.|28-01-2020|2 AÑOS. POSIBLES 2 PRORROGAS DE 1 AÑO|15377,42|18606,68||2022:1ª prorroga        2023: 2º Pror roga      2024: Nueva contratación|ZERBITUZAK||2024/01/27|2021/11/27|2022/11/27||PAZ-72||
V-12/19||PASAIAKO ZAHARREN EGOITZAN EGOITZA ZERBITZUA|SERVICIO DE RESIDENCIA EN RESIDENCIA DE ANCIANOS DE PASAIA|Zerbitzua|Irekia||1550854,37|ZAINTZEN S.A|03-10-2019|2 AÑOS. POSIBLES 2 PRORROGAS DE 1 AÑO| Autonomos: 57,77 € plaza /día  Grado I: 69.60 € plaza día Grados IIIII: 88,44 € Plaza dia Centro Día: 61,03 € plaza día Descuento Servicio viviendas Jokin Amondarain y refuerzo servicio 2% ||SI|2021:  1ª prorroga         2022: 2ª prorroga          2023: nueva contratacion|ZAHARREN EGOITZA||KABIARA PASA DA||||PAZ-71||
V-26/19||EMAKUMEEN GUNEAK: MIGRATZAILEEN BILGUNEAK ETA PASAITARREN ARTEKO KULTURARTEKO ELKARRIZKETAK IZENEKO PROGRAMA|PROGRAMA ESPACIOS DE MUJERES: ENCUENTRO DE MIGRANTES Y DIÁLOGOS INTERCULTURALES ENTRE PASAITARRAS|Zerbitzua|Irekia|15750||SORBURU KOOP.ELK.TXIKIA|2020/02/05|1 AÑO. POSIBLES 3 PRORROGAS ANUALES|15300|||2021:  1ª prorroga         2022: 2ª prorroga          2023: 3ª prorroga 2024: Nueva contratación|GIZARTEKINTZA||2024/02/04|2020/12/04|2021/12/04|2022/12/04|PAZ-72              Luzapenak  2020WLIZ0025||
V-30/19||PASAIAN MERKATARITZA , OSTALARITZA ETA ZERBITZUAK BIZIBERRITZEKO PLANA PRESTATZEKO AZTERLANERAKO AHOLKULARITZA ENPRESA BATEN KONTRATAZIOA|CONTRATACIÓN DE UNA CONSULTORÍA PARA LLEVAR A CABO EL ESTUDIO PARA LA ELABORACIÓN DEL PLAN DE REVITALIZACIÓN DEL COMERCIO, HOSTELERÍA Y SERVICIOS EN PASAIA (PERCO)|Zerbitzua|Irekia|25000|30250|IKERTALDE GRUPO CONSULTOR S.A.|2020/02/14|5 MESES|18812,5|22763,13|SI||IDAZKARITZA||||||PAZ-72||
V-23/19||URA IRAGAZTEKO EKIPOAK HORNITZEA, DONIBANEKO UR EDANGARRIAREN BILTEGIRAKO|SUMINISTRO DE EQUIPOS DE FILTRACIÓN DE AGUA POTABLE EN EL DEPOSITO DE DONIBANE|Horniketa|Irekia|67580|81771,8|CORPORACION DE ORGANIZACIÓN Y REPRESENTACIONES S.A|2020/01/28|6 SEMANAS|59470,4|71959,18|SI||ZERBITUZAK||||||PAZ-72||
V-29/19||IBAIONDO FRONTOIKO KANTINARAKO KONTAINER BAT HORNITZEA|SUMINISTRO DE CONTENEDOR PARA LA CANTINA DEL FRONTÓN DE IBAIONDO|Horniketa|Irekia|26446,28||EGUR HOUSE SYSTEM S.L.|2020/02/03|2 MESES|23900|5042,9|SI||KIROLAK||||||PAZ-72||
V-28/19||HARRERA ON! PROGRAMA|PROGRAMA HARRERA ON!|Zerbitzua|Irekia|9333||TTAKUN KULTUR ELKARTEA|2020/02/19|1 año,|8640|||2021:  1ª prorroga         2022: 2ª prorroga          2023: 3ª prorroga 2024: Nueva contratación|GIZARTEKINTZA||2024/02/18|2020/12/18|2021/12/18|2022/12/18|PAZ-72             Luzapenak 2020WLIZ0024||
V-25/19||ETXEZ ETXEKO LAGUNTZA ZERBITZUA|SERVICIO DE AYUDA DOMICILIARIA|Zerbitzua|Irekia|890100 (1º Y 2 AÑO: 23 €, 3º AÑO: 23,25, 4º AÑO: 23,50 €)|925704|EULEN SERVICIOS SOCIOSANITARIOS, S.A|2020/06/02|2 AÑOS. POSIBLES 2 PRORROGAS DE 1 AÑO|21,97 € /HORA|||2022:1ª prorroga        2023: 2º Pror roga      2024: Nueva contratación|GIZARTEKINTZA||2024/06/01|2022/04/01|2023/04/01||PAZ-73||
OM-06/19||EUTE EGITEA DONIBANEKO EDATEKO URAREN HORNIDURA SISTEMAN|CONSTRUCCIÓN DE ETAP EN SISTEMA DE ABASTECIMIENTO DE AGUA EN DONIBANE|Obra|Irekia|71526,75|86547,37|DESIERTO|||||SI||ZERBITUZAK||||||PAZ-73||
V-24/19||AURREFABRITUTAKO MODULUZ OSATUTAKO BEHIN-BEHINEKO ERAIKINAREN HORNIKUNTZA ETA INSTALAZIOA, OBRA ZIBILA BARNE|SUMINISTRO E INSTALACIÓN , INCLUYENDO OBRA CIVIL, DE UN EDIFICIO PROVISIONAL FORMADO POR MÓDULOS PREF|Horniketa|Irekia|79973,03|66093,41|DESIERTO|2019/12/20||||SI||HIRIGINTZA||||||PAZ-73||
V-14/19||IBAIONDO FRONTOIKO KANTINAREN USTIAPENA ETA ZERBITZU OSAGARRIAK(I)|EXPLOTACIÓN DE LA CANTINA DEL FRONTON IBAIONDO DE ANTXO Y SERVICIOS COMPLEMENTARIOS (I)|Kudeaketa|Irekia||Canon mensual mínimo de 100 euros|DESIERTO|2020/12/26||||SI||KIROLAK||||||PAZ-70||
OM-01/20||GRAN SOL KALEA BERRUBANIZATZEKO LANAK|OBRA REURBANIZACIÓN GRAN SOL|Obra|Irekia|41046,79|49666,62|DELSA IRUN S.L.|2020/06/10|4 SEMANAS|37000|44770|SI||HIRIGINTZA||||||HIRIGINTZAN DAGO||
OM-02/20||EDATEKO URA TRATATZEKO ESTAZIOA ERAIKITZEA DONIBANEKO EDATEKO URAREN HORNIDIRA-SISTEMAN|CONSTRUCCIÓN DE ETAP EN SISTEMA DE ABASTECIMINETO A.P. EN DONIBANE|Obra|Irekia|93171,17|112737,12|URBYCOLAN, S.L. |2020/08/13|14 SEMANAS|86997,96|105267,53|SI||ZERBITUZAK||||||2020WLIZ0002||
V-01/20||PASAIAKO UDALEKO ZERBITZU, SARE ETA MANTENTZE-LANETAKO SAILERAKO LAU IBILGAILU MISTOREN HORNIDURA|SUMINISTRO DE CUATRO VEHÍCULOS MIXTOS  PARA EL DEPARTAMENTO |Horniketa|Irekia|33057,85|40.000,00 €|DESIERTO|2020/06/30||||SI||ZERBITUZAK||||||PAZ 73||
V-03/20||PASAIAKO UDALEKO ZERBITZU, SARE ETA MANTENTZE-LANETAKO SAILERAKO LAU IBILGAILU MISTOREN HORNIDURA|SUMINISTRO DE CUATRO VEHÍCULOS MIXTOS  PARA EL DEPARTAMENTO |Horniketa|Irekia|33057,85|40.000,00 €|DESIERTO|2020/09/10||||SI||ZERBITUZAK||||||2020WLIZ0007||
V-22/19||PASAIAKO UDALTZAINGORAKO PATRUILA-AUTO BAT HORNITZEA|SUMINISTRO DE UN VEHÍCULO DE PATRULLA TIPO TURISMO PARA LA POLICÍA MUNICIPAL DE PASAIA|Horniketa|Irekia|21487,6|26.000,00 €|EUPRAXIA CAR SL|2020/06/18|45 DIAS|20157,03|24390|SI||UDALTZAINGOA||||||PAZ 73||
V-03/20||PASAIAKO UDALEKO HAUR ESKOLA|ESCUELA MUNICIPAL INFANTIL DE PASAIA|Zerbitzua|Irekia|||LILITEGIA S.L.|2020/09/24|2 AÑOS. POSIBLES 2 PRORROGAS DE 1 AÑO. (2022-2023).|20758,75|EXENTO IVA||2022:  1ª prorroga         2023: 2ª prorroga          2024: nueva contratacion|KULTURA||2024/09/23|2022/07/23|2023/07/23||2020WLIZ0003||
V-04/20||UDAL LUDOTEKEN KUDEAKETA ETA ANIMAZIOA|GESTIÓN Y ANIMACIÓN DE LAS LUDOTECAS MUNICIPALES|Zerbitzua|Irekia|||KANTAURI LUDIKO ELKARTEA -ASOCIACION LUDICA KANTAURI ELKARTEA|2020/09/23|2 AÑOS. POSIBLES 2 PRORROGAS DE 1 AÑO. (2022-2023).|172000|189200||2022:  1ª prorroga         2023: 2ª prorroga          2024: nueva contratacion|GAZTERIA||2024/09/23|2022/07/23|2023/07/23||2020WLIZ0008   PAZ 73 (Kontratua)||
V-02/20||ARROKAUNDIETAKO UDAL ATERPETXEAREN KUDEAKETA ETA ANIMAZIOA|GESTIÓN Y ANIMACIÓN DEL ALBERGUE MUNICIPAL DE ARROKAUNDIETA|Zerbitzua|Irekia|||URTXINTXA  AISIALDIKO ESKOLA-GIPUZKOA|2020/10/01|2 AÑOS. POSIBLES 2 PRORROGAS DE 1 AÑO. (2022-2023).|350 € HILEAN + 50% de las tasas de alojamiento anual|||2022:  1ª prorroga         2023: 2ª prorroga          2024: nueva contratacion|GAZTERIA||2024/09/30|2022/07/30|2023/07/30||2020WLIZ0005||
V-06/20||IBAIONDO FRONTOIKO KANTINAREN USTIAPENA ETA ZERBITZU OSAGARRIAK (III)|EXPLOTACIÓN DE LA CANTINA DEL FRONTÓN IBAIONDO DE ANTXO Y SERVICIOS COMPLEMENTARIOS (IV)|Kudeaketa|Irekia|Canon Ayuntamiento: 370,90|Canon Ayuntamiento: 450|DESIERTO|||||SI||KIROLAK||||||2020WLIZ0002||
V-08/20||PASAIAKO UDALEKO ZERBITZU, SARE ETA MANTENTZE-LANETAKO SAILERAKO HIRU IBILGAILU MISTOREN HORNIDURA|SUMINISTRO DE TRES VEHÍCULOS MIXTOS PARA EL DEPARTAMENTO DE SERVICIOS, REDES Y MANTENIMIENTO DE PASAIA|Horniketa|Irekia|||EUPRAXIA CAR SL|2020/11/19|60 Días|32850|39748,5|SI||ZERBITZUAK||||||2020WLIZ0011||
V-07/20||PASAIAKO UDALTZAINGORAKO ARROPAREN HORNIDURA|SUMINISTRO  DE VESTUARIO PARA LA GUARDIA MUNICIPAL DE PASAIA|Horniketa|Irekia|||COMESA EQUIPAMIENTO INTEGRAL DE SEGURIDAD S.L.|2020/12/09|2 AÑOS. POSIBLES 2 PRORROGAS DE 1 AÑO. (2022-2023).|18785,55|22730,52||2022:  1ª prorroga         2023: 2ª prorroga          2024: nueva contratacion|UDALTZAINGOA||2024/12/08|2022/10/08|2023/10/08||2020WLIZ0009||
V-12/20||PASAIAKO UDALAREN ETA BERE ERAKUNDE AUTONOMOEN ONDARE-ERANTZUKIZUNA ETA ONDASUNEN GAINEKO KALTEAK ESTALTZEKO ASEGURUAK (II)|SEGUROS DE RESPONSABILIDAD PATRIMONIAL Y DE DAÑOS EN BIENES DEL AYUNTAMIENTO DE PASAIA Y SUS ORGANISMOS AUTÓNOMOS|Zerbitzua|Irekia|Lote 1: Responsabilidad civil :33.000€      Lote 2:Daños: 20.000€                   |Lote 1: Responsabilidad civil :33.000€      Lote 2:Daños: 20.000€                   |DESIERTO||2 AÑOS. POSIBLES 2 PRORROGAS DE 1 AÑO. (2022-2023).|||SI||IDAZKARITZA||||||2020WLIZ0023||
V-10/20 ||TELEFONIAKO ZERBITZUAK|SERVICIOS DE TELEFONÍA|Zerbitzua|Irekia|Lote 1: 12.000€      Lote 2: 5.000€                   |Lote 1: 14.520           Lote 2: 6.050€                           |lote1: Telefonía fija: EUSKALTEL S.L.    Lote 2: Telefonía movil: EUSKALTEL S.L.|2021/03/12|2 AÑOS. POSIBLES 2 PRORROGAS DE 1 AÑO. (2023-2024).|Lote 1: 8.527,785                Lote 2: 3.710,40 €                   |||2023: 1ª Prorroga              2024: 2ª Prorroga|INFORMATIKA||2025/03/12|2023/01/12|2024/01/12||2020WLIZ0019||
V-02/21||PASAIAKO UDALAREN ETA BERE ERAKUNDE AUTONOMOEN ONDARE-ERANTZUKIZUNA ETA ONDASUNEN GAINEKO KALTEAK ESTALTZEKO ASEGURUAK (II)|SEGUROS DE RESPONSABILIDAD PATRIMONIAL Y DE DAÑOS EN BIENES DEL AYUNTAMIENTO DE PASAIA Y SUS ORGANISMOS AUTÓNOMOS|Zerbitzua|Irekia|Lote 1: Responsabilidad civil :33.000€      Lote 2:Daños: 20.000€                   |Lote 1: Responsabilidad civil :33.000€      Lote 2:Daños: 20.000€                   |DESIERTO||2 AÑOS|||SI||IDAZKARITZA||||||2021WLIZ0002||
V-11/20||IBAIONDO FRONTOIKO KANTINAREN USTIAPENA ETA ZERBITZU OSAGARRIAK (IV)|EXPLOTACIÓN DE LA CANTINA DEL FRONTÓN IBAIONDO DE ANTXO Y SERVICIOS COMPLEMENTARIOS (IV)|Kudeaketa|Irekia|Canon Ayuntamiento: 370,90|Canon Ayuntamiento: 450|JOSEBA DONABERA PRIETO|2021/03/15|1 año+ posibles 3 prorrogas de 1 año||1||2022:  1ª prorroga         2023: 2ª prorroga          2024: 3ª prorroga|KIROLAK||2025/03/14|2022/01/14|2023/01/14|2024/01/14|2020WLIZ0022||
2021WLIZ0001||GOXATU SEXU ETA GENERO AHOLKULARITZA ZERBITZUA GAZTEENTZAT|GOXATU SERVICIO DE ASESORÍA SEXUAL Y DE GÉNERO PARA JÓVENES |Zerbitzua|Irekia|10.100,00 €|11.110,00 €|LAHIA 3.0 SEXOLOGIA ETA HEZKIDETZA ELKARTEA|2021/05/11|2 AÑOS. POSIBLES 2 PRORROGAS DE 1 AÑO. (2023-2024).|10.100€ (Exento Iva)|10.100€ (Exento Iva)||2023: 1ª Prorroga              2024: 2ª Prorroga|GAZTERIA||2025/05/10|2023/03/10|2024/03/10||2021WLIZ0001||
2021WLIZ0002||PASAIAKO UDALAREN ETA BERE ERAKUNDE AUTONOMOEN ONDARE-ERANTZUKIZUNA ETA ONDASUNEN GAINEKO KALTEAK ESTALTZEKO ASEGURUAK (II)|SEGUROS DE RESPONSABILIDAD PATRIMONIAL Y DE DAÑOS EN BIENES DEL AYUNTAMIENTO DE PASAIA Y SUS ORGANISMOS AUTÓNOMOS|Zerbitzua|Irekia|Lote 1: Responsabilidad civil :33.000€      Lote 2:Daños: 20.000€                   |Lote 1: Responsabilidad civil :33.000€      Lote 2:Daños: 20.000€                   |DESIERTO||2 AÑOS.|||SI||IDAZKARITZA||||||2021WLIZ0002||
2020WLIZ0018||SAN PEDROKO ONDARTXO PASEALEKUKO MENDI-HEGALA EGONKORTZEKO OBRAK|OBRAS ESTABILIZACIÓN LADERA PASEO ONDARTXO DE SAN PEDRO|Obra|Irekia|311067,25|376391,37|CONSTRUCCIONES URDINBERRI S.L|2021/04/26|4 MESES|288618,61 Modificación contrato + 83.817,12|238527,78 Modificación contrato +101.418,71|SI||HIRIGINTZA||||||2020WLIZ0018||
2020WLIZ0016||DONIBANEN IRISGARRITASUNA HOBETZEKO PROIEKTUA IDAZTEKO KONTRATAZIORAKO LEHIAKETA| CONCURSO PARA LA CONTRATACION DE LA REDACCION DE UN PROYECTO DE MEJORA DE LA ACCESIBILIDAD EN BORDALABORDA EN DONIBANE|Zerbitzua|Irekia|1º Premio:3.000  2º premio:2.500  3º premio:1.500|1º Premio:3.630  2º premio:3.025  3º premio:1.815|1º AIZPURUA ARQUITECTOS ASOCIADOS (Ateak irekitzen)      2ª VAUMM ARQUITECTURA Y URBANISMO S.L.P. (Badiari begira)                                          3º I-INGENIA INGENIEROS Y ARQUITECTURA S.A. (Gorantza itsasoari begira)||30 días|1º Premio:3.000                 2º premio:2.500                 3º premio:1.500|1º Premio:3.630                 2º premio:3.025                 3º premio:1.815|SI|SI|HIRIGINTZA||||||2020WLIZ0016||
2021WLIZ0005||DONIBANEN IRISGARRITASUNA HOBETZEKO PROIEKTUA IDAZTEA| REDACCIÓN DE UN PROYECTO DE MEJORA DE LA ACCESIBILIDAD EN DONIBANE|Zerbitzua|Negoziatua-Publizitaterik gabe|23.576,03 €|28.527,00 €|AIZPURUA ARQUITECTOS ASOCIADOS|2021/05/19|26 SEMANAS|23550|28495,5|||HIRIGINTZA||||||2021WLIZ0005||
2021WLIZ0006||PASAIAKO UDALAREN ETA BERE ERAKUNDE AUTONOMOEN ONDARE-ERANTZUKIZUNA ETA ONDASUNEN GAINEKO KALTEAK ESTALTZEKO ASEGURUAK (III)|SEGUROS DE RESPONSABILIDAD PATRIMONIAL Y DE DAÑOS EN BIENES DEL AYUNTAMIENTO DE PASAIA Y SUS ORGANISMOS AUTÓNOMOS (III)|Zerbitzua|Irekia|Lote 1: Responsabilidad civil :40.000€      Lote 2:Daños: 44.000€                   |Lote 1: Responsabilidad civil :40.000€      Lote 2:Daños: 44.000€                   |Lote 1: Responsabilidad civil : MAPFRE ESPAÑA COMPAÑIA DE SEGUROS Y REASEGUROS, S.A.     Lote 2:Daños: MAPFRE ESPAÑA COMPAÑIA DE SEGUROS Y REASEGUROS, S.A.|2021/07/01|2 AÑOS|Lote 1: Responsabilidad civil :35.385,05 € Franquicia 750 €    Lote 2:Daños: 39.600  € Franquicia: 250 €                   ||||IDAZKARITZA||2023/06/30||||2021WLIZ0006||
2021WLIZ0007||PASAIAKO 2021-2030 EUSKARAREN  ERABILERA SUSTATZEKO PLAN ESTRATEGIKOAREN DISEINUA|DISEÑO DEL PLAN ESTRATEGICO PARA LA PROMOCIÓN DEL USO DEL EUSKERA EN  PASAIA 2021-2030|Zerbitzua|Irekia|28.099,17 €|34.000,00 €|ELHUYAR-ZUBIZE, S.L.U.|2021/06/22|6 MESES|26975,2|28099,17|||EUSKARA||||||2021WLIZ0007||
2021WLIZ0010||ANDONAEGIKO FUTBOL-HOKEY ZELARIAREN KUDEAKETA |GESTIÓN DEL CAMPO DE FÚTBOL-HOKEY DE ANDONAEGI|Zerbitzua|Irekia|34.761,33 €|42.061,21 €|INTXAURDI K.E.|2021/08/28|2 AÑOS. POSIBLES 2 PRORROGAS DE 1 AÑO. (2023-2024).|32995|39923,95||2023: 1ª Prorroga              2024: 2ª Prorroga|KIROLAK||2025/08/27|2023/06/27|2024/06/27||2021WLIZ0010||
2021WLIZ0016||PASAIAKO KLIMA ETA ENERGIA PLANA IDAZTEKO AHOLKULARITZA ENPRESA BATEN KONTRATAZIOA|CONTRATACIÓN DE UNA CONSULTORA PARA LA REDACCIÓN DEL PLAN DE CLIMA Y ENERGÍA DE PASAIA|Zerbitzua|Irekia|33.057,85 €|40.000,00 €|||1 año,|||||HIRIGINTZA||||||2021WLIZ0016||
2021WLIZ0011||DONIBANE KALEKO ETXEBIZITZA BIKOITIEN ATZEKO BELAR-SASTRAKAK GARBITZEKO KONTRATAZIOA|CONTRATACIÓN DESBROCE TRASERA VIVIENDAS PARES CALLE DONIBANE. GERKUD 31343|Zerbitzua|Irekia||||||||||||||||2021WLIZ0011||
2020WLIZ0015||ANDONAEGIKO GUARDA-ETXEA BIRGAITZEKO   OBRA|OBRA DE REHABILITACIÓN DE LA ANTIGUA CASA DEL GUARDA DE ANDONAEGI|Obra|Irekia-Sinplifikatua|103.452,54 €|125.177,57 €|||4 MESES|||||ZERBITUZAK||||||2021WLIZ0015||
