ESPEDIENTEA /EXPEDIENTE|LOTE|ZERBITZUA|SERVICIO|KONTRATU MOTA /TIPO CONTRATO|PROZEDIURA /PROCEDIMIENTO|OINARRIZKO AURREKONTUA / IMPORTE LICITACION (SIN IVA)|BEZ / IVA|OINARRIZKO AURREKONTUA / IMPORTE LICITACION (CON IVA)|LIZITAZIOA GUZTIRA / TOTAL LICITACIÓN|PREZIO-UNITATEA|KONTRATISTA / CONTRATISTA|KONTRATU SINADURA / FIRMA DE CONTRATO|IRAUPENA / DURACION|ADJUDIKAZIOAREN ZENBATEKOA / IMPORTE ADJUDICACIÓN (SIN IVA)|ADJUDIKAZIOAREN ZENBATEKOA / IMPORTE ADJUDICACIÓN  (CON IVA)|KONTRATU AMAIERA /CONTRATO VENCIDO|LUZAPENAK (URTEAK) / PRORROGA/AÑOS|SAILA / DEPARTAMENTO|OHARRAK / OBSERVACIONES|FIN PRORROGA|PREAVISO 1º PRORROGA ANTES DEL |PREAVISO 2º PRORROGA ANTES DEL |PREAVISO 3º PRORROGA ANTES DEL |ARTXIBO KUTXA / CAJA ARCHIVO||
V-05/14|Lote bakarra|KUADRILLATEGI, PASAIAKO GAZTEEN HIZKUNTZA OHITURETAN ERAGITEKO EGITASMOA|KUADRILLATEGI, PROYECTO PARA INCIDIR EN LOS HÁBITOS LINGÜISTICOS DE LOS JOVENES DE PASAIA|SERVICIO|ABIERTO|10.270,00|21 %||12.426,70|Por grupo|TTAKUN KULTUR ELKARTEA|2014/11/17|2 AÑOS + 2 PRORROGAS / ANUALES |11.497,40||SI||EUSKARA||||||PAZ-44||
V-04/14|Lote bakarra|PASAIAKO UDALEKO HAUR ESKOLA|ESCUELA MUNICIPAL INFANTIL DE PASAIA|GESTIÓN|ABIERTO|19.703,75|21 %||23.841,54||LILITEGIA S.L.|2014/09/04|3 AÑOS+3 PRORROGAS ANUALES|19.703,75||SI||KULTURA||2020/08/31||||PAZ-43||
OM-02/14|Lote bakarra|TRINTXERPEKO HOCKEY ETA FUTBOL ZELAIKO BELAR ARTIFIZIALA BERRITZEA|RENOVACIÓN DE LA HIERBA ARTIFICIAL DEL CAMPO  DE HOCKEY Y FUTBOL DE TRINTXERPE|OBRA|NEGOCIADO SIN PUBLICIDAD|115.392,48|21 %|139.624,90|139.624,90||FIELDTURF POLIGRAS S.A|2014/01/13|4 SEMANAS||138.183,33|SI||||||||PAZ-44||
V-10/15|Lote bakarra|UDAL GAZTELEKUEN KONTRATAZIOA |GAZTELEKUS MUNICIPALES|SERVICIO|MENOR||21 %||0,00||KANTAURI LUDIKO ELKARTEA -ASOCIACION LUDICA KANTAURI ELKARTEA|2015/07/29|Otros|5.719,39||SI||GAZTERIA|"Iraupena: Desde 1-09-2015 hasta que comience a prestar servicio el ajudicatorio del procedimineto abierto
"|||||PAZ-44||
V-02/14|Lote bakarra|UDAL ZERGAK IKUSKATZEKO LAGUNTZA TEKNIKOA|ASISTENCIA TÉCNICA PARA LA INSPECCIÓN DE LOS TRIBUTOS DE CARÁCTER MUNICIPAL|SERVICIO|ABIERTO|24,79|21 %|30,00|30,00||COORDINADORA DE GESTION DE INGRESOS S.A.|2014/10/03|2 AÑOS + 2 PRORROGAS / ANUALES ||20,00|SI||ERRENTAK|IMPORTE LICITACIÓN: Por exp., 60% de los cobros puntuales, 30% de las cantidades de actos tributarios aislados. IMPORTE ADJUDICACION:  Por exp., 40% de los cobros puntuales, 20% de las cantidades de actos tributarios aislados|||||PAZ-45||
|Lote 1|PASAI ANTXOKO IBAIONDO FRONTOIKO EDARITEGIRAKO ALTZARIAK ETA ETXE TRESNAK HORNITZEA|SUMINISTRO DE MOBILIARIO Y ELECTRODOMÉSTICOS EN EL AMBIGÚ DEL FRONTÓN IBAIONDO DE PASAI ANTXO|SUMINISTRO|ABIERTO|39.038,84|21 %|47.237,00|47.237,00||HOSTELBERRI, S.L.|2015/12/25|1 MES||30.254,84|SI||HIRIGINTZA||||||||
|Lote 2|PASAI ANTXOKO IBAIONDO FRONTOIKO EDARITEGIRAKO ALTZARIAK ETA ETXE TRESNAK HORNITZEA|SUMINISTRO DE MOBILIARIO Y ELECTRODOMÉSTICOS EN EL AMBIGÚ DEL FRONTÓN IBAIONDO DE PASAI ANTXO|SUMINISTRO|ABIERTO|16.850,26|21 %|20.388,82|20.388,81||José Javier Jimeno Goicoechea|2015/12/30|1 MES  ||14.912,77|SI||HIRIGINTZA||||||||
OM-01/15|Lote bakarra|PASAI DONIBANEKO J.J. OTAEGI PLAZAKO ESKOLA OIHAN ESTALKIA BERRITZEKO LANAK|RENOVACIÓN DE LA CUBIERTA DEL ANTIGUO EDIFICIO DE LAS ESCUELAS J.J. OTAEI DE DONIBANE|OBRA|MENOR||21 %||0,00||ARRANBIL ERAIKUNTZAK S.L.|2015/07/13|Otros||52.984,27|SI||ZERBITZUAK|Hasta finales de septiembre del 2015|||||PAZ-44||
OM-2/15|Lote bakarra|TRINTXERPEKO AZOKAKO IGOGAILU BERRIA JARTZEKO OBRA|OBRA DE INSTALACIÓN DE NUEVO ASCENSOR EN EL MERCADO DE TRINTXERPE|OBRA|MENOR||21 %||0,00||ASTIARAN S.L.|2015/10/26|1 MES|43.080,00|52.126,80|SI||ZERBITZUAK||||||PAZ- 47||
V-12/15|Lote bakarra|ALBOKO ZAMADUN EDUKIONTZIAK BILTZEKO IBILGAILU TRINKOTZAILEA EROSTEA|ADQUISICION DE VEHÍCULO COMPACTADOR PARA RECOGIDA DE CONTENEDORES DE R.S.U. DE CARGA LATERAL|SUMINISTRO|ABIERTO|77.000,00|21 %|93.170,00|93.170,00||ENVIRO RENT XXI, S.L|2015/12/01|30 Días naturales||89.540,00|SI||ZERBITZUAK||||||PAZ-47||
V-11/15|Lote bakarra|ZABORRA BILTZEKO EDUKIONTZIAK EROSTEA|ADQUISICION DE CONTENEDORES DE RECOGIDA DE RESIDUOS|SUMINISTRO|NEGOCIADO SIN PUBLICIDAD|41.322,31|21 %|50.000,00|50.000,00||PLASTIC OMNIUM SISTEMAS URBANOS S.A.U|2015/12/15|1 año||49.171,86|SI||ZERBITZUAK||||||PAZ- 47||
V-05/15|Lote bakarra|SU ARTIFIZIALAK 2015|FUEGOS ARTIFICIALES 2015|SUMINISTRO|MENOR|2.479,34|21 %|3.000,00|3.000,00||PIROTECNIA VALECEA-PIR S.L.|2015/06/17|1 DÍA||3.000,00|SI||FESTAK|IRAUPENA: (31 DE JULIO 2017)|||||PAZ-47||
V-01/16|Lote bakarra|PASAI DONIBANEN GIZARTE, KULTURA ETA KIROL EKIPAMENDUA ERAIKITZEKO PROIEKTUAREN LAUGARREN FASEKO OBRAK EGUNERATZEA”|CONSTRUCCIÓN DE EDIFICIO PARA EQUIPAMIENTO SOCIOCULTURAL Y DEPORTIVO EN PASAI DONIBANE CONTENIDAS EN EL PROYECTO “ ACTUALIZACIÓN DE LA 4ª FASE DEL PROYECTO DE CONSTRUCCIÓN DE EDIFICIO PARA EQUIPAMINETO SOCIO-CULTURAL Y DEPORTIVO”|OBRA|ABIERTO|1.819.598,03|21 %|2.201.713,62|2.201.713,62||ALTUNA Y URIA, S.A|2016/03/04|11 MESES||1.401.532,13|SI||HIRIGINTZA||||||||
|Lote bakarra|PASAI DONIBANEKO ALABORTZA HONDARTZAREN IPARRALDEKO SEKTOREAN MENDI-HEGALA EGONKORTZEKO OBRAK|OBRAS DE ESTABILIZACIÓN DE LA LADERA EN EL SECTOR NORTE DE LA CALA ALABORTZA- PASAI DONIBANE-|OBRA|ABIERTO|540.641,20|21 %|654.175,85|654.175,85||UTE ALABORTZA, constituída por las empresas TECNICOS EN ESTABILIZACIONES E INYECCIONES, S.A. (TESINSA) y CONSTRUCCIONES ALZOLA, S.L|2015/12/29|3 meses||423.829,70|SI||HIRIGINTZA||||||||
V-09/15|Lote bakarra|UDAL GAZTELEKUEN KONTRATAZIOA 2015/2018|UDAL GAZTELEKUEN KONTRATAZIOA 2015/2018|SERVICIO|ABIERTO|192.000,00|21 %|232.320,00|232.320,00|Por año|ASOCIACIÓN  LUDICA “KANTAURI ELKARTEA”|2015/10/20|2 AÑOS + 2 PRORROGAS / ANUALES ||58.080,00|SI|2017: 1ª prorroga.         2018: 2ª prorroga|GAZTERIA|IMPORTE ADJUDICACION: 58.080 € / Año + 29.040 año Antxo|||||PAZ-48||
 |Lote bakarra|GIZARTE-, KULTURA- ETA KIROL-EKIPAMENDUA  PASAI DONIBANEN.   - 4. FASEA-” Aholkularitza teknikoa|EQUIPAMIENTO SOCIO-CULTURAL-DEPORTIVO EN PASAI DONIBANE  -4ª FASE- asesoria técnica|SERVICIO|ABIERTO|74.380,37|21 %|90.000,25|90.000,25||ESTUDIO K, SOCIEDAD COOPERATIVA|2015/10/13|14 MESES|53.100,00|64.251,00|SI||HIRIGINTZA||||||||
V-06/15|Lote bakarra|HAINBAT KIROL MATERIAL EROSTEA TRINTXERPEKO KIROLGUNEKO GIMNASIORAKO| MATERIAL DEPORTIVO PARA GIMNASIO PARA EL GIMNASIO DEL COMPLEJO DEPORTIVO DE TRINTXERPE|SUMINISTRO|NEGOCIADO SIN PUBLICIDAD|39.669,42|21 %|48.000,00 €|48.000,00||EXERCYCLE, S.A|2015/08/24|1 mes||47.772,08|SI||||||||||
V-13/15|Lote bakarra|ELIZGAIN ERAIKINEKO GIZARTE ZENTROAN ILE-APAINDEGI ZERBITZUA|SERVICIO DE PELUQUERÍA EN EL CENTRO SOCIAL DEL EDIFICIO ELIZGAIN|SERVICIO|ABIERTO|123,97|21 %|150|150,00|Por mes|DESIERTO ( Dª MARIA DEL CARMEN MARIÑO AGUIAR)|2016/02/12|2 AÑOS + 2 PRORROGAS / ANUALES ||150|SI||GIZARTEKINTZA|"IMPORTE LICITACION: canon mensual mínimo de 150,00 euros. IMPORTE ADJUDICACION: canon de 150,-- euros/mes. PRORROGA: 2018: 1ª prorroga        2019: 2ª prorroga          2020: Nueva contratatación
"|2020/02/11|2018/02/11|2019/02/11||PAZ-49||
V-14/15|Lote bakarra|SAN PEDROKO JUBILATUEN ETXEKO  GIZARTE ZENTROAN ILE-APAINDEGI ZERBITZUA|SERVICIO DE PELUQUERÍA EN EL CENTRO SOCIAL DEL HOGAR DEL JUBILADO DE SAN PEDRO.|SERVICIO|ABIERTO|61,98|21 %|75|75,00|Por mes|Dª. Rut Martin Otero|2016/05/03|2 AÑOS + 2 PRORROGAS / ANUALES ||75|||GIZARTEKINTZA|"IMPORTE LICITACION: canon mensual mínimo de 75 euros. IMPORTE ADJUDICACION: canon de 75,-- euros/mes. PRORROGA: 2018: 1ª prorroga        2019: 2ª prorroga          2020: Nueva contratatación


"|2020/05/02|2018/05/02|2019/05/02||PAZ-49||Idoiak dauka 2021-06-14
V-18/15|Lote bakarra|HERRITARREN ARRETARAKO ZERBITZUA ABIARAZTEKO ADMINISTAZIO PROZEDUREN ESKULIBURUA EGITEKO ZERBITZUA|SERVICIO PARA LA REALIZACIÓN DEL MANUAL DE PROCEDIMIENTO ADMINISTRATIVOS PARA LA PUESTA EN MARCHA DEL SERVICIO DE ATENCIÓN CIUDADANA|SERVICIO|MENOR||21 %||0,00||OTXANDIO & TEAM CONSULTING S.L.|2015/11/26|9 meses|17.999,99|21779,99|SI||PERTSONALA||||||PAZ-48||
|Lote bakarra|PASAI ANTXOKO LUZURIAGA 3.02.1 HIRI EREMUKO ZOLADURA BERRITZEKO OBRAK EGIKARITZEA|OBRAS DE RENOVACIÓN DEL PAVIMENTO DEL ÁREA URBANA 3.02.1 LUZURIAGA EN PASAI ANTXO|OBRA|NEGOCIADO SIN PUBLICIDAD URGENTE|178.744,74|21 %|216281,13|216.281,14||ASFALTIA S.L.|2015/12/09|3 semanas||148476,99|SI||||||||||
OM-6/15|Lote bakarra|TRINTXERPEKO ARANEDERKO KIROL PISTA BIRMOLDATZEA|REMODELACIÓN DE LA PISTA DEPORTIVA DE ARANEDER EN TRINTXERPE|OBRA|NEGOCIADO SIN PUBLICIDAD URGENTE|108.107,50|21 %|130810,08|130.810,08||HOBBY KIROLAK, S.L|2015/12/17|5 semanas||128931,55|SI||ZERBITZUAK||||||PAZ-47||
OM-08/15|Lote bakarra|PASAIAKO EDATEKO UR-HORNIDURAREN HODITERIAREN BERRIKUNTZA – JAIZKIBELGO URA-BILTZEKO INSTALAZIOETATIK EDATEKO URA ERAMATEN DU PASAI DONIBANE ETA ANTXORA|RENOVACIÓN DE LAS CONDUCCIONES DE SUMINISTRO DE AGUA DESDE LAS INSTALACIONES DE RECOGIDA HASTA PASAI DONIBANE Y ANTXO|OBRA|NEGOCIADO SIN PUBLICIDAD URGENTE|119.995,12|21 %|145194,1|145.194,10||URBYCOLAN, S.L.|2015/12/21|21 días naturales||143742,15|SI||ZERBITZUAK||||||PAZ-48||
|Lote bakarra|PASAI SAN PEDRON URRESTARAZU KALEKO BERRURBANIZATZE PARTZIALERAKO OBRAK|OBRAS DEL PLAN PARCIAL DE REURBANIZACIÓN DE LA CALLE URRESTARAZU EN SAN PEDRO|OBRA|NEGOCIADO SIN PUBLICIDAD URGENTE|81.707,45|21 %|98866,01|98.866,01||URBYCOLAN, S.L.|2015/12/21|6 SEMANAS||78301,12|SI||||||||||
V-04/15|Lote 1|DONIBANEKO KIROLGUNEAN HAINBAT KIROL MATERIAL HORNITZEA ETA INSTALATZEA; EREMU TEMOLUDIKO BAT EGOKITZEA ETA SAUNA LEHORRA ETA SAUNA HEZEA INSTALATZEA.|SUMINISTRO E INSTALACIÓN DE DIVERSO MATERIAL DEPORTIVO Y EL SUMINISTRO, ADECUACIÓN DEL ESPACIO E INSTALACIÓN DE UNA SAUNA SECA Y OTRA HUMEDA PARA EL ESPACIO TERMOLÚDICO, AMBOS EN EL COMPLEJO  DEPORTIVO DE DONIBANE|SUMINISTRO|NEGOCIADO SIN PUBLICIDAD URGENTE|28.925,62|21 %|35.000,00|35.000,00||EXERCYCLE, S.L|2015/08/27|1 MES||28.978,71|SI||||||||PAZ-46||
V-04/15|Lote 2|DONIBANEKO KIROLGUNEAN HAINBAT KIROL MATERIAL HORNITZEA ETA INSTALATZEA; EREMU TEMOLUDIKO BAT EGOKITZEA ETA SAUNA LEHORRA ETA SAUNA HEZEA INSTALATZEA.|SUMINISTRO E INSTALACIÓN DE DIVERSO MATERIAL DEPORTIVO Y EL SUMINISTRO, ADECUACIÓN DEL ESPACIO E INSTALACIÓN DE UNA SAUNA SECA Y OTRA HUMEDA PARA EL ESPACIO TERMOLÚDICO, AMBOS EN EL COMPLEJO  DEPORTIVO DE DONIBANE|SUMINISTRO|NEGOCIADO SIN PUBLICIDAD URGENTE|22.314,05|21 %|27.000,00 |27.000,00||ARGYSAN, S.L|2015/09/04|1 MES||26.999,94|SI||||||||PAZ-46||
|Lote bakarra|PASAI SAN PEDRON, PROISA KULTUR GUNEKO ORUBEA AISIA ETA KIROL GUNE BIHURTZEKO EGOKITZAPEN-OBRAK EGIKARITZEA|EJECUCIÓN DE OBRAS DE ADECUACIÓN DEL SOLAR DEL CENTRO CULTURAL PROISA COMO CENTRO DE OCIO Y DEPORTE|OBRA|NEGOCIADO SIN PUBLICIDAD URGENTE|58776,61|21 %|71119,7|71.119,70||EXCAVACIONES Y TRANSPORTES ORSA,S.L|2015/12/29|3 SEMANAS||55828,96|SI||||||||||
V-03/15|Lote bakarra|UDALEKU IREKIEN KONTRATAZIOA 2015-2018|UDALEKU IREKIEN KONTRATAZIOA 2015-2018|SERVICIO|ABIERTO|224.793,39|21 %|272000|272.000,00||URTXINTXA  AISIALDIKO ESKOLA-GIPUZKOA|2015/05/29|2 AÑOS + 2 PRORROGAS / ANUALES |67500||SI|||Exento IVA|||||PAZ-46||
V-02/15|Lote bakarra|SUKALDE ETA JANGELA ZERBITZUA: PASAI SAN PEDROKO ZAHARREN EGOITZA, JOKIN AMONDARAIN APARTAMENTUAK ETA EGUNEKO ZENTROA|SERVICIO DE COCINA-COMEDOR DE LA RESIDENCIA DE ANCIANOS DE PASAI SAN PEDRO, LOS APARTAMENTOS JOKIN AMONDARAIN Y EL CENTRO DE DÍA|SERVICIO|ABIERTO|246.100,00|21 %||297.781,00||DESIERTO|||||SI||ZAHARREN EGOITZA||||||PAZ-56||
|Lote bakarra|PASAI DONIBANEKO ALABORTZA KALA BERRESKURATZEKO|RECUPERACIÓN DE LA CALA  ALABORTZA. PASAI DONIBANE|OBRA|ABIERTO|360.366,99|21 %|436.044,06|436.044,06||INICIATIVAS PARA LA CONSTRUCCION Y OBRA CIVIL, S.L. (INCOC, S.L.)|2016/11/08|75 DÍAS NATURALES||330.870,23|SI||||||||||
V-16/15|Lote bakarra|PASAIAKO LOGOTIPOA|LOGOTIPO DE PASAIA|SERVICIO|||21 %||0,00||EÑAUT LEGARDA (IRARKI)|||||SI||||||||PAZ-49 (ESP. RAFEL-ek DAUKA 2016/05/05 etik)||
V-02/16|Lote bakarra|AZTIKER ENPRESAK LANDUTAKO LAU AGIRIEN ITZULPENA|TRADUCCIÓN DE CUATRO DOCUMENTOS REMITIDOS POR LA EMPRESA AZTIKER|SERVICIO|MENOR||21 %||0,00||BITEZ|2016/01/27|11 DÍAS||1.972,11|SI||||||||PAZ-49||
V-03/16|Lote bakarra|IBAIONDO FRONTOIKO KANTINAREN USTIAPENA ETA ZERBITZU OSAGARRIAK (I)|EXPLOTACIÓN DE LA CANTINA DEL FRONTON IBAIONDO DE ANTXO Y SERVICIOS COMPLEMENTARIOS (I)|GESTIÓN|ABIERTO||21 %||0,00||DESIERTO|||||SI||GAZTERIA|No se establece canon mensual|||||PAZ-52||
V-05/16|Lote bakarra|ARROKAUNDIETA UDAL ATERPETXEAREN KUDEAKETA ETA ANIMAZIOA|GESTIÓN Y ANIMACIÓN DEL ALBERGUE|GESTIÓN|ABIERTO|247,93|21 %|300|300,00|Por mes|URTXINTXA  AISIALDIKO ESKOLA-GIPUZKOA|2016/07/01|2 AÑOS + 2 PRORROGAS / ANUALES ||400,00|SI||GAZTERIA|OINARRIZKO AURREKONTUA: canon mensual mínimo de 300,00. IMPORTE ADJUDICACION: 400,00€/mes|2020/06/30|30/02/2018|30/02/2019||PAZ-50||
V-04/16|Lote bakarra|TRINTXERPEKO JUBILATUEN ETXEKO TABERNAREN USTIAPENA|EXPLOTACIÓN DEL BAR DEL HOGAR DE JUBILADOS DE TRINTXERPE|EXPLOTACIÓN|ABIERTO|165,29|21 %|200,00|200,00|Por mes|Cruz  Mª Larrañaga Urain|2016/07/01|2 AÑOS + 2 PRORROGAS / ANUALES ||400|SI||GIZARTEKINTZA|"IMPORTE LICITACION: canon mensual mínimo de 200,00 euros. IMPORT ADJUDICACION IVA:  400,00 euros/mes

"|2020/06/30|30/02/2018|30/02/2019||PAZ-50||
|Lote bakarra|BORDAENEA KALEKO PROIEKTU BEREZUAB JASOTAKO OBRAK EGIKARITZEA|EJECUCIÓN DE LAS OBRAS CONTENIDAS EN EL PROYECTO SEPARADO DE LA CALLE BORDA ENEA|OBRA|NEGOCIADO SIN PUBLICIDAD|123.416,09|21 %|149.333,47|149.333,47||Otegui-Gaztañaga, S.L|2016/09/30|9 semanas||129.257,98|SI||||||||||
V-06/16|Lote bakarra|ANDONAEGI JAUREGIKO ETA TRINTXERPEKO ALKATEORDETZAKO GARBIKETA ZERBITZUA|SERVICIO DE LIMPIEZA DEL PALACIO ANDONAEGI Y DE LA TENENCIA ALCALDIA DE TRINTXERPE|SERVICIO|MENOR||21 %||0,00||LIMPIEZAS TXINGUDI 2001 S.L.|2016/05/10|Hasta finales del 2016|1.318,15|1.594,96|SI||ZERBITUZAK||||||PAZ-49||
V-09/16|Lote bakarra|IBAIONDO FRONTOIKO KANTINAREN USTIAPENA ETA ZERBITZU OSAGARRIAK|EXPLOTACIÓN DE LA CANTINA DEL FRONTON IBAIONDO DE ANTXO Y SERVICIOS COMPLEMENTARIOS|EXPLOTACIÓN|ABIERTO||21 %||0,00|Por mes|Maria Isabel Barrenetxea Aguirre|2016/08/08|2 AÑOS + 2 PRORROGAS / ANUALES ||100,00|SI||KIROLAK|"No quieren prorrogar. IMPORTE LICITACION: No se establece un canon mensual mínimo. IMPORTE ADJUDICACION: 100€ / mes
"|||||PAZ-52||
V-12/16|Lote bakarra|DONIBANEKO KIROLGUNEKO INSTALAZIOEN KUDEAKETA |GESTION DE LAS INSTALACIONES DEL COMPLEJO  DEPORTIVO  DE DONIBANE|GESTIÓN|ABIERTO|68.727,27 |21 %|83.160,00|83.160,00|Por año|BPXPORT KIROL ZERBITZUAK, S.L.|2016/09/27|2 AÑOS + 2 PRORROGAS / ANUALES ||83.160,00|SI|Renuncia a prorroga|KIROLAK||||||PAZ-52||
V-10/16|Lote bakarra|HAUR, NERABE ETA GAZTEENTZAKO IKASTAROAK |CURSOS PARA NIÑOS/AS, ADOLESCENTES Y JÓVENES |SERVICIO|ABIERTO|66.839,38|21 %|80.875,65|80.875,65||ARTETIK  ELKARTE KULTURALA|2016/08/22|2 AÑOS + 2 PRORROGAS / ANUALES |15.860,00||SI|Exento IVA|GAZTERIA||2020/08/21|2018/04/21|2019/04/21||PAZ-53||
|Lote 1|DONIBANEKO GIZARTE- ETA KULTURA-ERAIKINEKO EKIPAMENDU ESZENIKOAREN INSTALAZIOA |INSTALACIÓN DEL EQUIPAMIENTO ESCÉNICO EN EL EDIFICIO SOCIOCULTURAL DE DONIBANE|OBRA|ABIERTO URGENTE|159.100,00|21 %|192.511,00|192.511,00||GALVAN SPORT, SOCIEDAD LIMITADA||25 días||120.013,26|SI||HIRIGINTZA||||||||
|Lote 2|DONIBANEKO GIZARTE- ETA KULTURA-ERAIKINEKO EKIPAMENDU ESZENIKOAREN INSTALAZIOA |INSTALACIÓN DEL EQUIPAMIENTO ESCÉNICO EN EL EDIFICIO SOCIOCULTURAL DE DONIBANE|OBRA|ABIERTO URGENTE|351.831,85|21 %|425.716,54|425.716,54||DARDARAK, S.L||25 días ||324.303,05|SI||HIRIGINTZA||||||||
V-24/16|Lote 1|INFORMATIKAKO TRESNAK EROSTEA HAZ-KO BULEGORAKO|SUMINISTRO DE EQUIPAMIENTO INFORMÁTICO PARA LAS OFICINAS DEL SAC|SUMINISTRO|NEGOCIADO-URGENTE|15.702,48|21 %|19.000,00|19.000,00||HAITZANDI, S.L.||45 días naturales||17.132,90|SI||INFORMATIKA||||||PAZ-54||
V-24/16|Lote 2|INFORMATIKAKO TRESNAK EROSTEA HAZ-KO BULEGORAKO|SUMINISTRO DE EQUIPAMIENTO INFORMÁTICO PARA LAS OFICINAS DEL SAC|SUMINISTRO|NEGOCIADO-URGENTE|9.090,91|21 %|11.000,00|11.000,00||MAKELSAKO GIPUZKOA S.L. ||45 días naturales||10.445,54|SI||INFORMATIKA||||||PAZ-54||
V-24/16|Lote 3|INFORMATIKAKO TRESNAK EROSTEA HAZ-KO BULEGORAKO|SUMINISTRO DE EQUIPAMIENTO INFORMÁTICO PARA LAS OFICINAS DEL SAC|SUMINISTRO|NEGOCIADO-URGENTE|4.132,23|21 %|5.000,00|5.000,00||SUPER MICRO COMPUTER SPAIN, S.L.||45 días naturales||4.968,70|SI||INFORMATIKA||||||PAZ-54||
V-24/16|Lote 4|INFORMATIKAKO TRESNAK EROSTEA HAZ-KO BULEGORAKO|SUMINISTRO DE EQUIPAMIENTO INFORMÁTICO PARA LAS OFICINAS DEL SAC|SUMINISTRO|NEGOCIADO-URGENTE|4.545,45|21 %|5.500,00|5.500,00||TELENOR COMUNICACIONES, S.L.||45 días naturales||5.274,16|SI||INFORMATIKA||||||PAZ-54||
V-23/16|Lote bakarra|PASAIAKO UDALAREN ETA BERE ERAKUNDE AUTONOMOEN AHOTS ETA DATU-KOMUNIKAZIOAK HOBETZEKO ZERBITZUA|SERVICIO DE MEJORA EN LAS COMUNICACIONES DE VOZ Y DATOS DEL AYUNTAMIENTO DE PASAIA Y SUS ORGANISMOS AUTÓNOMOS|SERVICIO|NEGOCIADO SIN PUBLICIDAD|51.239,67|21 %|62.000,00|62.000,00||IRONTEC, INTERNET Y SISTEMAS SOBRE GNU/LINUX S.L.|2016/12/28|1 año|60.766,20||SI||IDAZKARITZA||||||PAZ-54||
|Lote bakarra|PASAI ANTXO IPARREKO HIRIGUNEAREN BERRURBANIZAZIOA (C-6 FASEA GELASIO ARANBURU KALEA)|REURBANIZACION DE LA ZONA URBANA PASAI ANTXO NORTE  (FASE C-6 CALLE GELASIO ARANBURU)|OBRA|ABIERTO URGENTE|515.952,47|21 %|624.302,49|624.302,49||ASFALTADOS Y CONSTRUCCIONES MORGA, S.L|2016/12/15|5 semanas||436.888,19|SI||||||||||
V-27/16|Lote bakarra|HAZ BULEGOTARAKO ALTZARIAK|MOBILIARIO DE LAS OFICINAS DEL SAC|SUMINISTRO|MENOR||21 %||0,00||BIGARA EQUIPAMIENTO DE OFICINA, S.L.|2016/12/27||15.770,75|19.081,61|SI||IDAZKARITZA||||||PAZ-54||
V-08/16|Lote bakarra|TRINTXERPEKO KIROLGUNEKO INSTALAZIOEN KUDEAKETA|GESTION DE LAS INSTALACIONES DEL COMPLEJO  DEPORTIVO  DE TRINTXERPE|GESTIÓN|ABIERTO|61.685,95|21 %|74.640,00|74.640,00||BPXPORT KIROL ZERBITZUAK, S.L.|2016/08/24|2 AÑOS + 2 PRORROGAS / ANUALES ||74.640,00|||||2020/08/23|2018/04/22|2019/04/22||PAZ-55||
V-11/16|Lote bakarra|UDAL LUDOTEKEN KUDEAKETA ETA ANIMAZIOA |GESTIÓN Y ANIMACIÓN DE LAS LUDOTECAS MUNICIPALES|GESTIÓN|ABIERTO|151.287,30|10 %|166.416,03|166.416,03|Por año|ASOCIACIÓN  LUDICA “KANTAURI ELKARTEA”|2016/08/30|2 AÑOS + 2 PRORROGAS / ANUALES |143.687,30||SI||GAZTERIA|(exento  IVA)|2020/08/29|2018/04/29|2019/04/29||PAZ-53||
OM-08/16|Lote bakarra|HIRU BULEGO EGOKITZEA HERRITARREN ARRETA ZERBITZURAKO (HAZ)|LAS OBRAS PARA LA HABILITACIÓN DE TRES OFICINAS DE SERVICIO DE ATENCIÓN A LA CIUDADANIA (SAC)|OBRA|NEGOCIADO|78.917,55|21 %|95.490,23|95.490,24||ADURIZ LUJANBIO, S.L.|2016/11/21|3 meses||78.200,00|SI||IDAZKARITZA||||||PAZ-56||
V-13/16|Lote bakarra|PASAIAKO UDALERRI OSOAN IBILGAILUEN APARKALEKUAK ARRAZIONALIZATZEKO, KUDEATZEKO ETA ANTOLATZEKO PLANA|REALIZACION DEL PLAN DE ORDENACION, GESTION Y RACIONALIZACION DEL ESTACIONAMIENTO DE VEHICULOS EN EL MUNICIPIO DE PASAIA|SERVICIO|NEGOCIADO-SIN PUBLICIDAD|28.925,62|21 %|35.000,00|35.000,00||ASMATU, S.L.P., TEMA INGENIERIA, S.L. Unipersonal|2016/11/16|5 meses||21.699,99|SI||IDAZKARITZA||||||PAZ-54||
OM-05/16|Lote bakarra|TRINTXERPE, AZKUENEKO BIRIBILGUNEAREN BERRURBANIZAZIO OBRAK|OBRAS DE REURBANIZACIÓN DE LA ROTONDA DE AZKUENE EN TRINTXERPE|OBRA|MENOR||21 %||0,00||TEC-NATURA|2016/09/28|2 meses|45.668,88|55.259,34|SI||ZERBITZUAK||||||PAZ-52||
V-07/16|Lote bakarra|SU ARTIFIZIALAK 2016|FUEGOS ARTIFICIALES 2016|SUMINISTRO|MENOR|2.479,34|21 %|3.000,00|3.000,00||PIROTECNIA VALECEA-PIR S.L.|2016/06/02|1 día||3.000,00|SI||FESTAK|(31 DE JULIO 2017)|||||PAZ-53||
V-01/16|Lote 1-SERVICIOS DE TELEFONÍA FIJA|PASAIAKO UDALEKO ETA BERE ERAKUNDE AUTONOMOETAKO KOMUNIKAZIO-ZERBITZUEN KUDEAKETA|GESTIÓN DE LOS SERVICIOS DE COMUNICACIÓN DEL AYUNTAMIENTO Y SUS ORGANISMOS AUTÓNOMOS|SERVICIO|ABIERTO|20.000,00|21 %|24.200,00|24.200,00||EUSKALTEL|2016/06/06|2 AÑOS + 2 PRORROGAS / ANUALES ||14.292,15|SI||INFORMATIKA||2020/06/05|2018/06/05|2019/06/05||PAZ-51||
V-01/16|Lote 2-SERVICIOS DE TELEFONÍA MÓVIL|PASAIAKO UDALEKO ETA BERE ERAKUNDE AUTONOMOETAKO KOMUNIKAZIO-ZERBITZUEN KUDEAKETA|GESTIÓN DE LOS SERVICIOS DE COMUNICACIÓN DEL AYUNTAMIENTO Y SUS ORGANISMOS AUTÓNOMOS|SERVICIO|ABIERTO|8.000,00|21 %|9.680,00|9.680,00||EUSKALTEL|2016/06/06|2 AÑOS + 2 PRORROGAS / ANUALES ||3.692,56|SI||INFORMATIKA||2020/06/05|2018/06/05|2019/06/05||PAZ-51||
||MOLINAO-ITSASADARRA ESPARRUAN URBANIZAZIOA, ANTXORA SARTZEKO BIRIBILGUNEAREN ETA PABINSA ERAIKINAREN ARTEAN|URBANIZACIÓN DEL ÁMBITO MOLINAO-ITSASADARRA ENTRE LA ROTONDA DE ACCESO A ANTXO Y PABINSA|OBRA|ABIERTO|434.547,31|21 %|525.802,25|525.802,25||INICIATIVAS PARA LA CONSTRUCCION Y OBRA CIVIL, S.L. (INCOC, S.L.)|2016/11/03|13 Semanas||401.134,53|SI||HIRIGINTZA||||||||
OM-01/16||ANDONAEGIKO FUTBOL-ZELAIKO ALDAGELEN ERAIKIN BERRIA|NUEVO EDIFICIO DE VESTUARIOS EN EL CAMPO DE FÚTBOL DE ANDONAEGI|OBRA|NEGOCIADO SIN PUBLICIDAD|179.471,97|21 %|217.161,08|217.161,08||CONSTRUCCIONES ASTIARAN, S.L|2016/07/29|75 días||200.179,08|SI||ZERBITZUAK||||||PAZ-50||
V-01/17||FOTOKOPIAGAILUEN EROSKETA|COMPRA DE FOTOCOPIADORAS|SUMINISTRO|MENOR||21 %||0,00||2008 MAQUELSA GIPUZKOA S.L.|2017/05/07||12.905,88|15.616,11|SI||INFORMATIKA||||||PAZ-56||
V-02/17|LOTE 1: Res. Civil:|PASAIAKO UDALAREN ETA BERE ERAKUNDE AUTONOMOEN ONDARE-ERANTZUKIZUNA ETA ONDASUNEN GAINEKO KALTEAK ESTALTZEKO ASEGURUAK|SEGUROS DE RESPONSABILIDAD PATRIMONIAL Y DE DAÑOS EN BIENES DEL AYUNTAMIENTO DE PASAIA Y SUS ORGANISMOS AUTONOMOS|SERVICIO|ABIERTO|32.000,00|21 %||38.720,00||SEGURCAIXA ADESLAS, S.A. DE SEGUROS Y REASEGUROS /  LOTE2:  AXA SEGUROS GENERALES, S.A. DE SEGUROS Y REASEGUROS|2017/06/26|2 AÑOS + 2 PRORROGAS / ANUALES|24.664,90||SI|2019: 1ª prorroga.         2020: 2ª prorroga|IDAZKARITZA|( servicio a partir 01/07/2017)|2020/12/31|2018/12/31|2019/12/31||PAZ-60||
V-02/17|LOTE 2: Seg. Daños Bienes|PASAIAKO UDALAREN ETA BERE ERAKUNDE AUTONOMOEN ONDARE-ERANTZUKIZUNA ETA ONDASUNEN GAINEKO KALTEAK ESTALTZEKO ASEGURUAK|SEGUROS DE RESPONSABILIDAD PATRIMONIAL Y DE DAÑOS EN BIENES DEL AYUNTAMIENTO DE PASAIA Y SUS ORGANISMOS AUTONOMOS|SERVICIO|ABIERTO|20.000,00|21 %||24.200,00||AXA SEGUROS GENERALES, S.A. DE SEGUROS Y REASEGUROS|2017/06/26|2 AÑOS + 2 PRORROGAS / ANUALES|18.826,53||SI|2019: 1ª prorroga.         2020: 2ª prorroga|IDAZKARITZA|( servicio a partir 01/07/2017)|2020/12/31|2018/12/31|2019/12/31||PAZ-60||
||PASAIAKO ZAHARREN EGOITZA FUNDAZIO PUBLIKOKO LAGUNTZA-ZERBITZUAK ETA ZERBITZU OSAGARRIAK.|SERVICIOS ASISTENCIALES Y COMPLEMENTARIOS DE LA FUNDACIÓN PÚBLICA RESIDENCIA DE ANCIANOS DE PASAIA|SERVICIO|ARMONIZADO|618.606,39|21 %||748.513,73|Por año|CLECE, S.A.-ZAINTZEN, SAU, Unión Temporal de Empresas Ley 16/1982, de 26 de mayo”, denominada abreviadamente “UTE PASAIAKO ZAHARREN EGOITZA|2017/08/02|2 AÑOS + 2 PRORROGAS / ANUALES|602.999,14|627.119,11|SI|2019: 1ª prorroga.      Eta azkena KABIAN sartu|ZAHARREN EGOITZA|IMPORTE LICITACION: 618.606,39 euros/año (  597.173,32 corresponden a los servicios de Residencia y centro de dia y de 21.433,07 €/año al  centro diurno Elizgain)|2019/12/31||||PAZ-63||
||PASAI SAN PEDROKO ZAHARREN EGOITZA ETA EGUNEKO ZENTROAREN ETA “JOKIN AMONDARAIN” ETXEBIZITZETAKO EREMU ERKIDEEN GARBIKETA|LIMPIEZA DE LA RESIDENCIA DE ANCIANOS DE PASAI SAN PEDRO Y DEL CENTRRO DE DÍA Y DE LAS ZONAS COMUNES DE LOS APARTAMENTOS “JOKIN AMONDARAIN”|SERVICIO|ARMONIZADO|91.000,00|21 %||110.110,00||INTEGRA MANTENIMIENTO, GESTION Y SERVICIOS INTEGRADOS, CENTRO ESPECIAL DE EMPLEO, S.L.|2017/12/11|2 AÑOS + 2 PRORROGAS / ANUALES|77.132,28|93.330,06|SI|43810|ZAHARREN EGOITZA||||||PAZ-62||
||DONIBANEKO ITSASERTZEKO SARBIDEAK BERRESKURATZEA|RECUPERACIÓN DE LOS ACCESOS  AL LITORAL EN DONIBANE|OBRA|NEGOCIADO|162.500,00|21 %|196.625,00|196.625,00||TEUSA TECNICAS DE RESTAURACION, S.A|2017/12/14|4 MESES||137.849,89|SI||HIRIGINTZA||||||||
V-12/17||FORMAKUNTZA: BIZI GAREN GARAIKO ERREALITATERA EGOKITUTAKO ANTOLAKUNTZA ETA FUNTZIONAMENDUA DISEINATZEA|FORMACIÓN: DISEÑO DE UNA ORGANIZACIÓN Y FUNCIONAMIENTO CORRESPONDIENTES A LA REALIDAD DEL TIEMPO EN QUE VIVIMOS|SERVICIO|MENOR||21 %||0,00||OTXANDIO & TEAM CONSULTING S.L.|2017/05/05||7.000,00||SI|10 SESIONES DE 4 HORAS|PERTSONALA||||||PAZ-57A||
V-02/18||UDAL LANGILEEEN OSASUN ZAINTZA|VIGILANCIA DE LA SALUD DEL PERSONAL MUNICIPAL|SERVICIO|ABIERTO|14.876,03|21 %|18.000,00|18.000,00||URKO SERVICIOS DE PREVENCION, S.COOP.|2017/11/01|2 AÑOS + 2 PRORROGAS / ANUALES|14.794,00|17.901,00|SI|NO, CONTRATACIÓN CENTRALIZADA|PERTSONALA||||||PAZ-64||
OM-04/17||PASAI DONIBANEKO SANTIAGO PLAZAKO PANTALANA BERRITU  ETA ORDEZKATZEKO LANAK|OBRAS PARA LA RENOVACIÓN Y SUSTITUCIÓN DEL PANTALÁN DE LA PLAZA SANTIAGO EN PASAI DONIBANE|OBRA|NEGOCIADO|68.794,93|21 %|83.241,87|83.241,87||ASTILLEROS AMILIBIA UNTZIOLAK, S.L|2017/08/01|1 MES||64.130,00|SI||HIRIGINTZA||||||PAZ-58||
||PASAI SAN PEDROKO ONDARTXOKO PASEALEKUAREN URBANIZAZIOA|URBANIZACIÓN DEL PASEO DE ONDARTXO. PASAI SAN PEDRO|OBRA|ABIERTO|458.104,76|21 %|554.306,76|554.306,76||ASFALTADOS Y CONSTRUCCIONES MORGA, S.L|2017/12/01|6 MESES||449.142,16|SI||HIRIGINTZA||||||||
||PASAI DONIBANEKO HILTEGI ZAHARRA ERABERRITZEKO LANAK|OBRAS PARA LA REHABILITACIÓN DEL ANTIGUO MATADERO DE PASAI DONIBANE|OBRA|NEGOCIADO|114.743,13|21 %|138.839,19|138.839,19||ADURIZ LUJANBIO, S.L.|2017/08/25|12 SEMANAS||130.619,50|SI||HIRIGINTZA||||||PAZ-59||
||LOKALA GAZTELEKUA IZATEKO EGOKITZEA HAMARRETXETA, 25EAN (AXULAR,7)”|ACONDICIONAMIENTODE LOCAL PARA GAZTELEKU EN                C/ HAMARRETXETA, 25 (AXULAR,7|OBRA|NEGOCIADO|69.421,49|21 %|84.000,00|84.000,00||ADURIZ LUJANBIO, S.L.|2017/12/04|2 MESES||80.639,68|SI||||||||||
V-08/17||SU ARTIFIZIALAK 2017|FUEGOS ARTIFICIALES 2017|SUMINISTRO|MENOR|2.479,34|21 %|3.000,00|3.000,00||CABALLER FX- GLOBAL FOC, S.L.|2017/05/31|1 DÍA (31 DE JULIO 2017)||3.000,00|SI||FESTAK||||||PAZ-57A||
V-10/17||PASAIAKO UDALEKO HAUR ETA NERABEEN ESKUBIDEAK BERMATZEKO PLANEAN SAKONTZEKO IKERKETA SOZIOLOGIKOA|INVESTIGACION SOZIOLOGICA DE PROFUNDIZACION EN EL PLAN PARA GARANTIZAR LOS DERECHOS DE LOS NIÑOS Y ADOLESCENTES DEL AYUNTAMIENTO DE PASAIA|SERVICIO|NEGOCIADO|24.793,39|21 %|30.000,00|30.000,00||FARAPI KOOPERATIBA ELKARTEA|2017/09/04|Hasta final de Mayo del 2018||28.583,83|SI||GIZARTEKINTZA||||||PAZ-60||
V-09/17||UDALTZAINGORAKO PATRUILA-IBILGAILUA EROSTEA|ADQUISICIÓN DE VEHICULO PATRULLA PARA LA GUARDIA MUNICIPAL|SUMINISTRO|MENOR|18.000,00|21 %|21.780,00|21.780,00||EASO MOTOR S.A.|2017/05/18||17.816,37|21.557,81|SI|FORD FOCUS BERLINA TREND 1,5 TCDI 120CV|UDALTZAINGOA||||||PAZ-57A||
OM-1/17||ESNABIDEKO DEPOSITOA IRAGAZGAZTEA|IMPERMEABILIZACIÓN DEL DEPÓSITO DE ESNABIDE|OBRA|MENOR||21 %||0,00||IRET S.A|2017/02/27||44.317,68|53.624,39|SI||ZERBITUZAK||||||PAZ-56||
V-25/16||ETXEZ ETXEKO LAGUNTZA ZERBITZUA|SERVICIO DE AYUDA DOMICILIARIA|SERVICIO|ABIERTO|1.026.929,54|21 %||1.242.584,74|Por  hora|EULEN SERVICIOS SOCIOSANITARIOS, S.A|2017/06/15|2 AÑOS + 2 PRORROGAS / ANUALES|19,94||SI||GIZARTEKINTZA|"IMPORTE ADJUDICACION: 19,94 euros/hora, (IVA del 4%, aparte), lo que hace un precio estimado del contrato, (sobre  50.460,30 horas estimadas), de 1.046.425,40 euros/año, (1.006.178,30 euros + 40.247,13 euros  correspondiente al 4% de IVA), de acuerdo con la oferta realizada 
"|15/06/2019 No renueva||||PAZ-57A, PAZ-57B||
V-16/17||PASAI DONIBANEKO LIBURUTEGIRAKO ALTZARIEN HORNIDURA|SUMINISTRO DE MOBILIARIO PARA LA BIBLIOTECA DE PASAI DONIBANE|SUMINISTRO|NEGOCIADO|42.750,44|21 %|51.728,03|51.728,03||BIGARA EQUIPAMIENTO DE OFICINA, S.L.|2017/11/08|30 DIAS NATURALES||50.777,24|SI||KULTURA||||||PAZ-60||
V-13/17||LAN ARRISKUEN PREBENTZIORAKO ZERBITZU INTEGRALA|SERVICIO INTEGRAL DE PREVENCIÓN DE RIESGOS LABORALES|SERVICIO|NEGOCIADO SIN PUBLICIDAD|10.987,34|21 %|13.294,68|13.294,68||URKO SERVICIOS DE PREVENCION, S.COOP.|2017/11/01|2 AÑOS + 2 PRORROGAS / ANUALES||10.890,00|SI|NO, CONTRATACIÓN CENTRALIZADA|PERTSONALA||2021/10/31|2019/10/31|2020/10/31||PAZ-58||
OM-06/17||DON BOSKOKO FUTBOL ZELAIKO BELARRA BERRITZEKO LANAK|OBRAS DE RENOVACION DE LA HIERBA ARTIFICIAL DEL CAMPO DE FUTBOL DE DON BOSKO|OBRA|ABIERTO|305.846,20|21 %|370.073,90|370.073,90||OBRAS Y PAVIMENTOS ESPECIALES, S.A. (OPSA)|2017/09/05|7 SEMANAS||326.701,25|SI||||||||PAZ-59||
V-20/17||IRRATI-IRAKURKETARAKO SISTEMA DUTEN UR-KONTAGAILUEN HORNIDURA|SUMINISTRO DE CONTADORES DE AGUA CON SISTEMA DE READIOLECTURA|SUMINISTRO||55.000,00|21 %|66.550,00|66.550,00||ABERING CONTADORES DE AGUA, S.L|2017/11/30|15 DÍAS|||SI|||"IMPORTE ADJUDICACION: El precio de este contrato, es de 57,95 euros/unidad, más 12,17 euros correspondiente al IVA. Total: 70,12 euros. (Precio total estimado: 66.473,76 euros, correspondientes a 948 contadores)
"|||||PAZ-61||
V-22/17||UDAL LANGILEEEN OSASUN ZAINTZA|VIGILANCIA DE LA SALUD DEL PERSONAL MUNICIPAL|SERVICIO|NEGOCIADO SIN PUBLICIDAD|7.400,00|21 %|8.954,00|8.954,00||DESIERTO|||||SI||PERTSONALA||||||PAZ-56||
OM-03/17||PASAI DONIBANEKO LARRABIDE ETA GAZTELUTXO BASERRIETARA DARAMAN LANDA-BIDEAREN ZORUA BERRITZEKO LANAK  |REASFALTADO DEL CAMINO RURAL DE ACCESO A LOS CASERIOS LARRABIDE Y GAZTELUTXO EN PASAI DONIBANE |OBRA|NEGOCIADO|60.186,25|21 %|72.825,36|72.825,36||ASFALTIA S.L.|2017/06/22|15 dias||64.960,23|SI||ZERBITZUAK||||||PAZ-57A||
OM-09/17||DONIBANEKO UR GORDAILUKO IRAGAZGAIZTE LANAK|OBRAS DE IMPERMEABILIZACIÓN DEL DEPOSITO DE DONIBANE|OBRA|MENOR||21 %||0,00||IRET S.A|2017/08/11|5 SEMANAS|21.338,40|25.819,46|SI||ZERBITZUAK||||||PAZ-58||
OM-08/17|Lote 1|ARROKAUNDIETAKO ATERPETXEAREN BERRIKUNTZA ETA  MODERNIZAIORAKO LANAK|OBRAS DE RENOVACIÓN Y MODERNIZACIÓN DE ARROKANDIETA|OBRA|NEGOCIADO|85.767,19|21 %|103.778,30|103.778,30||ADURIZ LUJAMBIO, S.L.||6 SEMANAS||103.717,57|SI||ZERBITZUAK||||||PAZ-58||
OM-08/17|Lote 2|ARROKAUNDIETAKO ATERPETXEAREN BERRIKUNTZA ETA  MODERNIZAIORAKO LANAK|OBRAS DE RENOVACIÓN Y MODERNIZACIÓN DE ARROKANDIETA|OBRA|NEGOCIADO|24.184,98|21 %|29.263,83|29.263,83||LANDART K4 INSTALACIONES||4 SEMANAS||24.591,45|SI||ZERBITZUAK||||||PAZ-58||
OM-02/18||DONIBANEKO GAZTELEKUA ETA GAZTELEKUAREN IRISGARRITASUNA EGOKITZEKO OBRAK|OBRAS DE ADECUACION DE LA ACCESIBILIDAD Y ACONDICIONAMIENTO DEL GAZTELEKU DE DONIBANE Y DIRECCION DE OBRA|OBRA|IREKIA / ABIERTO|140.777,86|21 %|170.341,21|170.341,21||INDENORT PV S.L. - AIZPURUA ARQUITECTOS|2018/09/20|18 SEMANAS||169.316,74|SI||ZERBITZUAK||||||PAZ-65||
V-15/17||PASAI DONIBANEKO KULTURGUNERAKO BINILO ETA ERROTULAZIOAREN HORNIDURA|SUMINISTRO DE VINILOS Y ROTULACIÓN PARA EL EDIFICIO SOCIOCULTURAL DE PASAI DONIBANE|SUMINISTRO|MENOR||21 %||0,00||SIGNOS PUBLICIDAD & COMUNICACIÓN S.L.U.|2017/08/08||7.932,00|9.597,72|SI||KULTURA||||||PAZ-58||
OM-10/17||LOKALA GAZTELEKUA IZATEKO EGOKITZEA HAMARRETXETA 25EAN|ACONDICINAMIENTO DE LOCAL PARA GAZTELEKU EN C/ HAMARRETXETA 25|OBRA|NEGOCIADO SIN PUBLICIDAD|69.421,49|21 %|84.000,00|84.000,00||ADURIZ LUJANBIO, S.L.|2017/12/04|2 MESES||80.639,68|SI||ZERBITZUAK||||||PAZ-61||
V-24/18||AUTOMATIKOKI GARBITZEN DIREN BI KOMUNEN HORNIDURA, INSTALAZIOA (OBRA ZIBILA BARNE) ETA MANTENTZE-LANA KONTRATATZEKO|SUMINISTRO, INSTALACIÓN, INCLUYENDO OBRA CIVIL, Y MANTENIMIENTO DE 2 ASEOS AUTOLIMPIABLES|SUMINISTRO,OBRA, MANTENIMIENTO|IREKIA / ABIERTO|98.760,00|21 %||119.499,60||OLPRIM INGENIERIA Y SERVICIOS S.A|2018/11/20|1 MES SUMINISTRO /MANTENIMIENTO 1 AÑO|88.879,00|107.543,59|SI||ZERBITZUAK||||||PAZ-65||
OM-03/18||SAN FERMIN ELIZAREN ALBOKO FATXADA BERRITZEKO OBRA (ANTXO)|OBRA RENOVACIÓN FACHADA LATERAL DE LA IGLESIA SAN FERMIN (ANCHO)|OBRA|MENOR||21 %||0,00||REVESTIMIENTOS LEYMA|2018/09/25|4 SEMANAS||22.019,58|SI||ZERBITZUAK||||||PAZ-66||
V-23/18||POLTSA KONPOSTAGARRIAK HORNITZEKO KONTRATAZIOA|CONTRATACIÓN DEL SUMINISTRO DE BOLSAS COMPOSTABLES|SUMINISTRO|IREKIA / ABIERTO|0,04500|21 %||0,05|Por bolsa|MOHEDA & RAÑAL S.L|2019/01/14||0,03790|0,00796|||ZERBITZUAK|"No hay fecha finalización contrato, va por cantidades IMPORTE LICITACION: gasto máximo 57.555,00. IMPORTE ADJUDICACION: 0,0379€/bolsa  / gasto máximo 57.555,00. IMPORT DEJUDICACION CON IVA: 0,00796€/Bolsa / gasto máximo será de 69.641,55

"|||||PAZ-65||
V-03/18||PASAI DONIBANEKO PUNTETAKO PASEALEKUAN KANTINA USTIATZEA |EXPLOTACIÓN DE LA CANTINA DEL PASEO DE PUNTAS EN PASAI DONIBANE |CONCESION|IREKIA / ABIERTO|6.000,00|21 %||7.260,00|Por año|GUAJIRA SICODELICA, S.L|2018/03/22|2 AÑOS + 1 PRORROGA 2 AÑOS|13.210,00|||2020:1ª y única prórroga|ALKATETZA|Canon minimo|2022/03/21|2019/11/21|||PAZ-64||
v-11/18||“2018an PASAIAN SU ARTIFIZIALEN HORNIKETA ETA HORIEK HOBETZEA|“SUMINISTRO Y QUEMA DE FUEGOS ARTIFICIALES EN PASAIA 2018”|SUMINISTRO|MENOR CON INVITACIÓN|2.479,33884|21 %|3.000,00|3.000,00||PIROTECNIA ZARAGOZANA, S.A|2018/05/11|1 DÍA (31 DE JULIO 2018)||2.700,00|SI||IDAZKARITZA||||||PAZ-64||
V-09/18||ALTZARI ETA EKIPAMENDUZ HORNITZEA ANTXIKO GAZTE KULTUR FAKTORIA (GAZTELEKUA)|SUMINISTRO DE MOBILIARIO Y EQUIPAMIENTO DEL LOCAL DE GAZTE KULTUR FAKTORIA (GAZTELEKU) DE ANTXO|SUMINISTRO|MENOR||21 %||0,00||MONTTE  PROJECTS|2018/03/08||7.677,30|9.289,53|SI||GAZTERIA||||||PAZ-64||
V-14/18||KALE-HEZITZAILEEN ESKU-HARTZE ZERBITZUA| INTERVENCIÓN EDUCATIVA EN MEDIO ABIERTO|SERVICIO|IREKIA / ABIERTO|192.000,00|21 %||232.320,00||GURE AMETS KULTUR ELKARTEA|2018/11/14|2 AÑOS + 2 PRORROGAS / ANUALES|192.000,00|||2020: 1ª prorroga.         2021: 2ª prorroga|GIZARTEKINTZA||2022/11/14|2020/09/14|2021/09/14||PAZ-66               Luzapenak: 2020WLIZ0017||
V-12/18||KUADRILLATEGI – FAKTORIA, PASAIAKO GAZTEEN HIZKUNTZA OHITURETAN ERAGITEKO EGITASMOAK.|KUADRILLATEGI Y FACTORIA, PROYECTO PARA INCIDIR EN LOS HÁBITOS LINGüISTICOS DE LOS JÓVENES DE PASAIA|SERVICIO|IREKIA / ABIERTO|10.730,00|21 %||12.983,30|Por grupo|TTAKUN KULTUR ELKARTEA|2018/09/25|2 AÑOS + 2 PRORROGAS / ANUALES|9,925,25|||2020: 1ª prorroga.         2021: 2ª prorroga|EUSKARA|IMPORTE LICITACION: Cada grupo Kuadrillategiko: 10.730 €  / Grupo factoria:  5.900 €  / Valor estimativo año 390.560,00 €. IMPORT ADJUCACION: Kuadrillategi por 9,925,25 €/año  por grupo. / Faktoria:   5.457,50 €/año  por grupo. FIRMA CONTRATO: El contrato entrará en vigor el dia 1 de septiembre de 2018 al 31 de julio del 2018 .|2022/07/31|2020/05/31|2021/05/31||PAZ-64 2. Luzapena:2021WLIZ0008||
V-18/18||DONIBANEKO KIROLGUNEKO INSTALAZIOEN KUDEAKETA (I)|GESTION DE LAS INSTALACIONES DEL COMPLEJO  DEPORTIVO  DE DONIBANE|GESTIÓN|IREKIA / ABIERTO|68.727,27|21 %|83.160,00|83.160,00||DESIERTO||2 AÑOS + 2 PRORROGAS / ANUALES|||SI||KIROLAK||||||PAZ-66||
V-22/18||POLTSA KONPOSTAGARRIEN LAU BANAGAILUREN HORNIDURA ETA INSTALAZIOA|SUMINISTRO E INSTALACIÓN DE CUATRO MÁQUINAS EXPENDEDORAS DE BOLSAS COMPOSTABLES|SUMINISTRO|IREKIA / ABIERTO|28.800,00|21 %||34.848,00||DORLET S.A.U|2019/01/24|60 días|28.720,00|34.751,20|SI||ZERBITZUAK||||||PAZ-69||
OM-5/18||DONIBANEKO HIRIGUNERAKO SEGURTASUN PLANA|PLAN SEGURIDAD CASCO HISTÓRICO DONIBANE|OBRA|IREKIA / ABIERTO|190.993,23|21 %|231.101,81 |231.101,81||ACUÑA S.A Y GIRDER INGENIEROS|2018/11/23|12 semanas||202.889,77|SI||HIRIGINTZA||||||PAZ-67||
V-16/18||PASAIAKO IRISGARRITASUN PLANA IDAZTEA|REDACCIÓN DEL PLAN DE ACCESIBILIDAD DE PASAIA|SERVICIO|ABIERTO SIMPLIFICADO|50.000,00|21 %|60.500,00|60.500,00||INGARTEK CONSULTING S.L|2018/09/28|3 meses|37.500,00|45.375,00|SI||HIRIGINTZA||||||PAZ 65-2||
||“MINDFULNESS” IKASTAROA|CURSO “MINDFULNESS”|SERVICIO|MENOR||21 %||0,00||VEGA AYLLÓN USANOS|2019/02/11|5 MESES (ENERO-MAYO 2019)||10.152,00|SI||GIZARTEKINTZA||||||PAZ-69||
V-04/18||POBLADO, SALINAS ETA ANDONAEGI BIZITEGIRAKO HIRI-EREMUEN BERRONERATZE, BIRGAITZE ETA KUDEAKETAN ESKU HARTZEKO PLANA/PROIEKTUA|REDACCIÓN DEL PLAN/PROYECTO PARA INTERVENIR EN LA REGENERACIÓN, REHABILITACIÓN Y GESTIÓN DE LAS ÁREAS URBANAS RESIDENCIALES POBLADO, SALINAS Y ANDONAEGI |SERVICIO|NEGOCIADO|38.000,00|21 %|45.980,00|45.980,00||UTE POBLADO (AITZIKER KOOP ELKARTE TXIKIA)|2018/05/14|36 semanas|37.240,00|45.060,40|SI||HIRIGINTZA||||||PAZ 65-2||
V-05/18||HAURREN ZAURGARRITASUN ETA BABES GABEZIA EGOERAK PREBENITZEKO ETA DETEKTATZEKO, ETA ESKU HARTZE GOIZTIARRERAKO PROGRAMA|PROGRAMA DE PREVENCIÓN, DETECCIÓN E INTERVENCIÓN PRECOZ EN SITUACIONES DE VULNERABILIDAD Y RIESGO DE DESPROTECCIÓN INFANTIL|SERVICIO|NEGOCIADO|42.000,00|21 %||50.820,00|| JAUME GALVANY LARROUQUERE|2018/05/31|1 AÑO. |42.000,00||SI||GIZARTEKINTZA||||||PAZ-64             ||
V-01/18||PASAIAKO UDALERRIKO HIRI-ANTOLAMENDURAKO PLAN OROKORRAREN ARURRERAPEN DOKUMENTUAREN IDAZKETA EGITEKOIDAZKETA ETA AHOLKULARITZA ZERBITZUE KONTRATUA|CONTRATO DE SERVICIOS DE REDACCIÓN Y ASESORAMIENTO PARA LA REDACCIÓN DEL DOCUMENTO DE AVANCE DEL PLAN GENERAL DE ORDENACIÓN URBANA DEL MUNICIPIO DE PASAIA|SERVICIO|ABIERTO|119.834,71|21 %|145.000,00|145.000,00||ESTUDIO DE RENOVACION Y DESARROLLOS URBANOS (ERDU)|2018/10/22|16 meses|114.345,00||SI||HIRIGINTZA||||||PAZ-68||
OM-04/18||ANTXOKO TOPOKO ARKUPEAK BIRGAITZEA ETA BEREN PAISAIA LEHENGORATZEA|REHABILITACIÓN Y RECUPERACIÓN PAISAJÍSTICA DE  LOS ARCOS DEL TOPO EN ANTXO|OBRA|ABIERTO SIMPLIFICADO|182.004,77|21 %|220.225,77|220.225,77||URBYCOLAN S.L.|2018/12/27|10 semanas|182.004,77|220.225,76|SI||HIRIGINTZA||||||PAZ-65||
V-21/18||PASAI SAN PEDROKO ZAHARREN EGOITZAKO HARRERA ZERBITZUA KONTRATATZEKO|CONTRATACIÓN DEL SERVICIO DE RECEPCIÓN EN LA RESIDENCIA DE ANCIANOS DE PASAI SAN PEDRO|SERVICIO|ABIERTO|23.796,00|21 %||28.793,16||GUREAK ZERBITZU ANITZAK S.L.U|2018/12/11|2 AÑOS  .PRORROGABLE ANUALMENTE 2 MAS.(2022)|22.606,20||SI|KABIARA pasa da|ZAHARREN EGOITZA||2022/12/10|2020/10/10|2021/10/10||PAZ-66||
V-29/18||HARRERA ON! PROGRAMA|PROGRAMA HARRERA ON!|SERVICIO|MENOR||21 %||0,00||EUSKARAZ KOOP AEK|2018/12/18||||SI||GIZARTEKINTZA||||||PAZ-66||
V-18/18||DONIBANEKO KIROL INSTALAZIOAK (II)|INSTALACIONES DEPORTIVAS DE DONIBANE  -CONCESION- (II)|SERVICIO|IREKIA / ABIERTO|68.727,27|21 %|83.160,00|83.160,00||BPXPORT KIROL ZERBITZUAK, S.L.|2019/01/09|2 AÑOS  .PRORROGABLE ANUALMENTE 2 MAS.(2023)|108.900,00|90.000,00||2021: 1ª prorroga.         2022: 2ª prorroga|KIROLAK||2023/01/09|2020/11/08|2021/11/08||PAZ-65  Luzapenak:2020WLIZ0021||
V-30/18||“EMAKIMEEN GUNEAK: MIGRATZAILEEN BILGUNEAK ETA PASAITARREN ARTEKO KULTURARTEKO ELKARRIZKETAK” PROGRAMA|PROGRAMA “ESPACIO DE MUJERES ENCUENTROS MIGRANTES Y DIALOGOS INTERCULTURALES ENTRE PASAITARRAS|SERVICIO|MENOR||21 %||0,00||SORBURU|2018/12/18||||SI||GIZARTEKINTZA||||||PAZ-66||
V-27/18||PASAIAKO HAUR ETA NERABEEN PARTE-HARTZE FOROAK|FORO DE PARTICIPACION DE NIÑOS/AS Y ADOLESCENTES DE PASAIA|SERVICIO|MENOR||21 %||0,00||FARAPI KOOPERATIBA ELKARTEA| |DICIEMRBE 2018- MARZO 2019|14.876,00||SI||GIZARTEKINTZA||||||PAZ-66||
V-28/19||MEIPIKO HAURRENTZAKO JOLASGUNEA BERRITZEKO OBRA|RENOVACIÓN DE ZONA DE JUEGOS INFANTILES EN MEIPI|OBRA|MENOR||21 %||0,00||HAGS-SWELEK S.A.|17-12-2018||19.602,00|23.718,42|SI||ZERBITZUAK||||||PAZ-66||
V-20/18||DONIBANEKO HIRIGUNE HISTORIKOAN SUTEEN AURKAKO INSTALAZIOAK JARTZEKO PROIEKTUA IDAZTEA|REDACCIÓN DEL PROYECTO DE INSTALACIONES CONTRAINCENDIOS DEL CASCO HISTÓRICO DE DONIBANE|SERVICIO|MENOR||21 %||0,00||GIRDER INGENIEROS|2018/08/23||9.500,00|11.495,00|SI||ZERBITUZAK||||||PAZ-66||
V-07/19||“2019an PASAIAN SU ARTIFIZIALEN HORNIKETA ETA HORIEK HOBETZEA|“SUMINISTRO Y QUEMA DE FUEGOS ARTIFICIALES EN PASAIA 2019”|SUMINISTRO|MENOR CON INVITACIÓN|2.479,34|21 %|3.000,00|3.000,00||GLOBAL FOC S.L. CABALLER FX|2019/05/21|Para el 31 de julio del 2019||3.000,00|SI||IDAZKARITZA||||||PAZ-69||
V-02/19||HAURRENTZAKO UDALEKU IREKIAK|COLONIAS ABIERTAS PARA NIÑOS|SERVICIO|IREKIA / ABIERTO|85.000|10 %|93.500,00|93.500,00||URTXINTXA ESKOLA|2019/05/14|2 AÑOS. PRORROGABLES ANUALMENTE 2 AÑOS MAS (2022 Y 2023)|80.000,00|88.000,00||2021:  1ª prorroga         2022: 2ª prorroga          2023: nueva contratacion|GAZTERIA||2023/05/14|2021/03/14|2022/03/14||PAZ-69                 Luzapena 2021WLIZ0003||
V-01/19||“GOXATU” NERABE ETA GAZTEENTZAKO ZERBITZUA|SERVIO PARA ADOLESCENTES Y JOVENES “GOXATU”|SERVICIO|MENOR||21 %||0,00||LAHIA 3.0|2019/01/23|ENERO-DICIEMBRE 2019||8.150,00|SI||GIZARTEKINTZA||||||PAZ-69||
V-11/19||ANDONAEGIKO FUTBOL-HOKEY ZELAIAREN KUDEAKETA  (I)|GESTION DEL CAMPO DE FÚTBOL – HOKEY DE ANDONAEGI (I)|GESTIÓN|IREKIA / ABIERTO|34.760,33|21 %|42.060,00|42.060,00||DESIERTO||1 año, POSIBLE PRORROGA 1 AÑO Mäs.|||SI||KIROLAK||2021/08/27|2020/06/26|||PAZ-69||
V-03/19||GAZTELEKUAK|GAZTELEKUS MUNICIPALES|SERVICIO|IREKIA / ABIERTO|109.000,00|10 %|10.900,00|119.900,00||KANTAURI LUDIKO ELKARTEA -ASOCIACION LUDICA KANTAURI ELKARTEA|2019/06/03|2 AÑOS. POSIBLES 2 PRORROGAS DE 1 AÑO. (2021-2022).|107.900,-- euros/año|118.690,00||2021:  1ª prorroga         2022: 2ª prorroga          2023: nueva contratacion|GAZTERIA ||2023/06/03|2021/04/03|2022/04/03||PAZ-69                 Luzapena 2021WLIZ0004||
V-13/19||ANDONAEGIKO FUTBOL-HOKEY ZELAIAREN KUDEAKETA  (II)|GESTION DEL CAMPO DE FÚTBOL – HOKEY DE ANDONAEGI (II)|SERVICIO|IREKIA / ABIERTO|34.760,33|21 %|42.060,00|42.060,00||C.D. TRINTXERPE|2019/08/28|1 año, POSIBLE PRORROGA 1 AÑO Mäs.| 1º Año: 9.945,60 €  2º Año: 3.225,60 €||SI|2020:1ª y única prórroga|KIROLAK||2021/08/27|2020/06/26|||PAZ-70|AITZIBERREK DAUKA(2021-06-30)|
V-18/19||BADIA AKTIBOA|BADIA AKTIBOA|SERVICIO|IREKIA / ABIERTO|37.125,00|21 %|44.921,25|44.921,25||KIROLAISI S.L.|2019/09/12|2 AÑOS. POSIBLES 2 PRORROGAS DE 1 AÑO|35.268,75 euros/año (sin IVA)|||2021:  1ª prorroga         2022: 2ª prorroga          2023: nueva contratacion|KIROLAK||2023/09/11|2021/07/10|2022/07/10||PAZ-70 Luzapena:2021WLIZ0009||
V-16/19||EUSKALARIAK|EUSKALAKARIAK|SERVICIO|IREKIA / ABIERTO|Grupos 1º año:1.870 , Grupos   2ª año: 1.650 €  / Asesoria externa: 860 € |21 %||||TTAKUN KULTUR ELKARTEA|2019/09/25|2 AÑOS. POSIBLES 2 PRORROGAS DE 1 AÑO|Grupo 1º año: 1.681,14 € año (Sin IVA), grupo 2º año: 1.483,36€ año (sin Iva) Asesoria externa :500€ año  (sin Iva)|||2021:  1ª prorroga         2022: 2ª prorroga          2023: nueva contratacion|EUSKERA||2023/09/24|2021/07/24|2022/07/24||PAZ-70 Luzapena:2021WLIZ0013||
V17-19||HEZIZ HITZ|HEZIZ HITZ|SERVICIO|IREKIA / ABIERTO|619,83|21 %||750,00|Por grupo|URTXINTXA  AISIALDIKO ESKOLA-GIPUZKOA |2019/09/20|2 AÑOS. POSIBLES 2 PRORROGAS DE 1 AÑO|730 € (Sin IVA) anuales, por grupo|||2021:  1ª prorroga         2022: 2ª prorroga          2023: nueva contratacion|EUSKARA||2023/09/18|2021/09/18|2022/09/18||PAZ-70 Luzapena:2021WLIZ0014||
OM-01/19||PASAI ANTXOKO GURE ZUMARDIKO HARMAILAK BIRGAITZEA|REHABILITACIÓN DEL GRADERIO DE GURE ZUMARDIA EN PASAI ANTXO|OBRA|IREKIA / ABIERTO||21 %||0,00||DESIERTO|||||SI||ZERBITUZAK||||||PAZ-70||
OM-03/19||SEMAFORO ETA SARBIDEEN KONTROLERAKO OBRAK|OBRA SEMÁFOROS Y CONTROL DE ACCESOS|OBRA|IREKIA / ABIERTO|83.284,10|21 %|100.773,76|100.773,76||DESIERTO|||||SI||ZERBITUZAK||||||PAZ-70||
V-08/19||HAUR ETA NERABEEN ESKUBIDEAK BERMATZEKO ESKUBIDEEN PLANA|PLAN PARA GARANTIZAR LOS DERECHOS DE LA INFANCIA Y ADOLESCENCIA|SERVICIO|IREKIA / ABIERTO|83.500,00|10 %|93.940,00|91.850,00||FARAPI KOOPERATIBA ELKARTEA|2019/07/03|2 AÑOS. POSIBLES 2 PRORROGAS DE 1 AÑO|80.000,-- euros/anuales (Sin IVA)||EZ LA LUZATZEM / NO SE PRORROGA|2021:  1ª prorroga         2022: 2ª prorroga          2023: nueva contratacion|HAUR ETA NERABEEN ESKUBIDEEN SAILA|EZ DA LUZATZEN, ZERBITZUA EZ DA EMANGO|2023/07/02|2021/05/02|2022/05/02||PAZ-70|2021WKOM0036|
V-15/19||BERTSOLARITZA|BERTSOLARITZA|SERVICIO|IREKIA / ABIERTO|Por grupo: 1.030  Por festival: 110|21 %||#BALIOA!|"Por grupo
Por festival"|GIPUZKOAKO BERTSOZALE ELKARTEA|2019/10/12|2 AÑOS. POSIBLES 2 PRORROGAS DE 1 AÑO|Por cada grupo: 1.030 euros (sin IVA) al año. Por la visita del bertsolari + el festival de versos : 110 euros (sin IVA) al año |||2021:  1ª prorroga         2022: 2ª prorroga          2023: nueva contratacion|EUSKARA||2023/10/11|2021/08/11|2022/08/11||PAZ-71 Luzapena:2021WLIZ0012||
OM-02/19||SAN PEDROKO ESKOLETAN OZTOPO ARKITEKTONIKOAK KENTZEKO OBRAK|ELIMINACIÓN DE BARRERAS ARQUITECTONICAS EN LAS ESCUELAS DE SAN PEDRO|OBRA|IREKIA / ABIERTO|75.895,77|21 %|91.833,88|91.833,88||MURGIL ERAIKUNTZAK S.L.|2019/09/19|12 semanas|75.136,81|90.915,54|SI||ZERBITZUAK||||||PAZ-70||
OM-04/19||SEMAFORO ETA SARBIDEEN KONTROLERAKO OBRAK|OBRA SEMAFOROS Y CONTROL DE ACCESOS (II)|OBRA|IREKIA / ABIERTO|83.284,10|21 %|100.773,76|100.773,76||BITEK SISTEMAS INTEGRALES DE TELECOMUNICACIONES S.L.|2019/10/17|10 semanas|81.859,32|99.049,78|SI||ZERBITZUAK||||||PAZ-71||
V-09/19||IBAIONDO FRONTOIKO KANTINAREN USTIAPENA ETA ZERBITZU OSAGARRIAK(I)|EXPLOTACIÓN DE LA CANTINA DEL FRONTON IBAIONDO DE ANTXO Y SERVICIOS COMPLEMENTARIOS (I)|GESTIÓN|IREKIA / ABIERTO||21 %|Canon mensual mínimo de 100 euros|0,00||DESIERTO|||||SI||KIROLAK||||||PAZ-70||
OM-06/18||PASAIAKO BIDEAK BERRASFALTATZEKO OBRAK|OBRAS DE REASFALTADO EN VIALES DE PASAIA|OBRA|IREKIA / ABIERTO|107.186,72|21 %|129.695,93|129.695,93||PROBISA VIAS Y OBRAS S.L|2019/03/06|8 semanas|95.504,00|115.559,84|SI||ZERBITZUAK||||||Paz-69||
OM-05/19||PASAI ANTXOKO GURE ZUMARDIKO HARMAILAK BIRGAITZEA|REHABILITACIÓN DEL GRADERIO DE GURE ZUMARDIA EN PASAI ANTXO|OBRA|IREKIA / ABIERTO|53.157,52|21 %|64.320,60|64.320,60||URBYCOLAN S.L.|2019/11/11|12 semanas|52.362,22|63.358,29|SI||ZERBITUZAK||||||PAZ-71||
V-26/18||ADMINISTRAZIO-BALDINTZA BEREZIEN AGIRIA, KALE GARBIKETARAKO AUTOPROPULTSATUTAKO BI EKORTZEKO MAKINEN HORNIDURA PROZEDURA IREKIAREN BIDEZ |CONTRATACIÓN DEL SUMINISTRO DE  DOS  BARREDORAS AUTOPROPULSADAS PARA EL SERVICIO DE LIMPIEZA VIARIA|SUMINISTRO|IREKIA / ABIERTO|229.182,50|21 %|277.310,82|277.310,83||ROS ROCA S.A|2019/03/19|60 días|221.000,00|267.410,00|SI||ZERBITZUAK||||||Paz-67||
V-19/19||ELIZ GAIN|ELIZ GAIN|SERVICIO|IREKIA / ABIERTO|30.922,18|4 %|32.159,07|32.159,07||LAHAR ELKARGOA ASOCIACIÓN PARA LA INTERVENCIÓN PSICOSOCIAL|2019/12/18|2 AÑOS. POSIBLES 2 PRORROGAS DE 1 AÑO|28.800 Por año|||2021:  1ª prorroga         2022: 2ª prorroga          2023: nueva contratacion|GIZARTEKINTZA||2023/12/17|2021/10/17|2022/10/17||PAZ-71 Luzapenak: 2021WLIZ0020||
V-20/19||EKOIZPEN-KOORDINATZAILEA, AHOLKULARITZA TEKNIKO ESZENIKOA ETA UDALEKO LOKALEN EGOKITZE-LANAK EGITEKO ZERBITZUA|SERVICIO DE COORDINACIÓN DE PRODUCCIÓN ,ASESORÍA TÉCNICA ESCÉNICA Y ADECUACIÓN DE LOCALES MUNICIPALES DE USO SOCIO-CULTURAL|SERVICIO|IREKIA / ABIERTO|22.599,00|21 %|27.344,79|27.344,79||ERAGIN STACK S.L.|2020/01/02|2 AÑOS. POSIBLES 2 PRORROGAS DE 1 AÑO|21455,1    Trabajos técnicos: 25,15 €/h       Trabajos de producción: 19,95 €|||2022:1ª prorroga        2023: 2º Pror roga      2024: Nueva contratación|KULTURA||2024/01/01|2021/11/01|2022/11/01||PAZ-71 Luzapenak 2021WLIZ0028||
V-21/19||HAURREN ZAURGARRITASUN ETA BABES GABEZIA EGOERAK PREBENITZEKO ETA DETEKTATZEKO, ETA ESKU HARTZE GOIZTIARRERAKO PROGRAMA|PROGRAMA DE PREVENCIÓN, DETECCIÓN E INTERVENCIÓN PRECOZ EN SITUACIONES DE VULNERABILIDAD Y RIESGO DE DESPROTECCIÓN INFANTIL|SERVICIO|IREKIA / ABIERTO|54.000,00|21 %||65.340,00||JAUME GALVANY LARROUQUERE|2019/11/29|2 AÑOS. POSIBLES 2 PRORROGAS DE 1 AÑO|52.000,00|||2021:  1ª prorroga         2022: 2ª prorroga          2023: nueva contratacion|GIZARTEKINTZA||2023/11/28|2021/09/28|2022/09/28||PAZ-71 Luzapena:2021WLIZ0018||
||DONIBANEKO JUBILATUEN TABERNA|BAR JUBILADOS DONIBANE|EXPLOTACIÓN|IREKIA / ABIERTO||21 %|Canon mensual mínimo de 350 euros (en  el 2015 pasó a 1.00 €)|0,00||TSASO MENDIBIL eta EIDER PLAZAOLA|2013/10/04|5 AÑOS + PRORROGA 5 AÑOS|2013-2014: 350 € MENSUAL     A PARTIR DEL 2015: 1.500 € MENSUALES|||2018: 1ª prorroga        2023: Nueva contratatación|GIZARTEKINTZA||2023/10/04|2018/10/04|||Ez zen lizitazioa atera, Ondaretik tramitatua. Espedientea ondarean.||
v-27/19||ZERBITZU SAILEKO ATAL GUZTIETAKO LANGILEENTZAKO ARROPA HORNITZEA|SUMINISTRO DE VESTUARIO PARA LOS TRABAJADORES DE LAS DIFERENTES SECCIONES DEL DEPARTAMENTO DE SERVICIOS |SUMINISTRO|IREKIA / ABIERTO|18.299,00|21 %|22.141,79|22.141,79||VESTUARIO LABORAL Y MATERIAL DE SEGURIDAD UMARAN S.L.|28-01-2020|2 AÑOS. POSIBLES 2 PRORROGAS DE 1 AÑO|15.377,42|18.606,68||2022:1ª prorroga        2023: 2º Pror roga      2024: Nueva contratación|ZERBITUZAK||2024/01/27|2021/11/27|2022/11/27||PAZ-72        2021WLIZ0031 luzapenak||
V-12/19||PASAIAKO ZAHARREN EGOITZAN EGOITZA ZERBITZUA|SERVICIO DE RESIDENCIA EN RESIDENCIA DE ANCIANOS DE PASAIA|SERVICIO|IREKIA / ABIERTO|1.281.697,83|21 %|1.550.854,37|1.550.854,37||ZAINTZEN S.A|03-10-2019|2 AÑOS. POSIBLES 2 PRORROGAS DE 1 AÑO| Autonomos: 57,77 € plaza /día  Grado I: 69.60 € plaza día Grados IIIII: 88,44 € Plaza dia Centro Día: 61,03 € plaza día Descuento Servicio viviendas Jokin Amondarain y refuerzo servicio 2% ||SI|2021:  1ª prorroga         2022: 2ª prorroga          2023: nueva contratacion|ZAHARREN EGOITZA||KABIARA PASA DA||||PAZ-71||
V-26/19||EMAKUMEEN GUNEAK: MIGRATZAILEEN BILGUNEAK ETA PASAITARREN ARTEKO KULTURARTEKO ELKARRIZKETAK IZENEKO PROGRAMA|PROGRAMA ESPACIOS DE MUJERES: ENCUENTRO DE MIGRANTES Y DIÁLOGOS INTERCULTURALES ENTRE PASAITARRAS|SERVICIO|IREKIA / ABIERTO|15.750,00|21 %||19.057,50||SORBURU KOOP.ELK.TXIKIA|2020/02/05|1 AÑO. POSIBLES 3 PRORROGAS ANUALES|15.300,00|||2021:  1ª prorroga         2022: 2ª prorroga          2023: 3ª prorroga 2024: Nueva contratación|GIZARTEKINTZA||2024/02/04|2020/12/04|2021/12/04|2022/12/04|PAZ-72              Luzapenak  2020WLIZ0025||
V-30/19||PASAIAN MERKATARITZA , OSTALARITZA ETA ZERBITZUAK BIZIBERRITZEKO PLANA PRESTATZEKO AZTERLANERAKO AHOLKULARITZA ENPRESA BATEN KONTRATAZIOA|CONTRATACIÓN DE UNA CONSULTORÍA PARA LLEVAR A CABO EL ESTUDIO PARA LA ELABORACIÓN DEL PLAN DE REVITALIZACIÓN DEL COMERCIO, HOSTELERÍA Y SERVICIOS EN PASAIA (PERCO)|SERVICIO|IREKIA / ABIERTO|25.000,00|21 %|30.250,00|30.250,00||IKERTALDE GRUPO CONSULTOR S.A.|2020/02/14|5 MESES|18.812,50|22.763,13|SI||IDAZKARITZA||||||PAZ-72||
V-23/19||URA IRAGAZTEKO EKIPOAK HORNITZEA, DONIBANEKO UR EDANGARRIAREN BILTEGIRAKO|SUMINISTRO DE EQUIPOS DE FILTRACIÓN DE AGUA POTABLE EN EL DEPOSITO DE DONIBANE|SUMINISTRO|IREKIA / ABIERTO|67.580,00|21 %|81.771,80|81.771,80||CORPORACION DE ORGANIZACIÓN Y REPRESENTACIONES S.A|2020/01/28|6 SEMANAS|59.470,40|71.959,18|SI||ZERBITUZAK||||||PAZ-72||
V-29/19||IBAIONDO FRONTOIKO KANTINARAKO KONTAINER BAT HORNITZEA|SUMINISTRO DE CONTENEDOR PARA LA CANTINA DEL FRONTÓN DE IBAIONDO|SUMINISTRO|IREKIA / ABIERTO|26.446,28|21 %||32.000,00||EGUR HOUSE SYSTEM S.L.|2020/02/03|2 MESES|23.900,00|5.042,90|SI||KIROLAK||||||PAZ-72||
V-28/19||HARRERA ON! PROGRAMA|PROGRAMA HARRERA ON!|SERVICIO|IREKIA / ABIERTO|9.333,00|21 %||11.292,93||TTAKUN KULTUR ELKARTEA|2020/02/19|1 año,|8.640,00|||2021:  1ª prorroga         2022: 2ª prorroga          2023: 3ª prorroga 2024: Nueva contratación|GIZARTEKINTZA||2024/02/18|2020/12/18|2021/12/18|2022/12/18|PAZ-72             Luzapenak 2020WLIZ0024||
V-25/19||ETXEZ ETXEKO LAGUNTZA ZERBITZUA|SERVICIO DE AYUDA DOMICILIARIA|SERVICIO|IREKIA / ABIERTO|890100 (1º Y 2 AÑO: 23 €, 3º AÑO: 23,25, 4º AÑO: 23,50 €)|21 %|925.704,00|#BALIOA!||EULEN SERVICIOS SOCIOSANITARIOS, S.A|2020/06/02|2 AÑOS. POSIBLES 2 PRORROGAS DE 1 AÑO|21,97 € /HORA|||2022:1ª prorroga        2023: 2º Pror roga      2024: Nueva contratación|GIZARTEKINTZA||2024/06/01|2022/04/01|2023/04/01||PAZ-73||
OM-06/19||EUTE EGITEA DONIBANEKO EDATEKO URAREN HORNIDURA SISTEMAN|CONSTRUCCIÓN DE ETAP EN SISTEMA DE ABASTECIMIENTO DE AGUA EN DONIBANE|OBRA|IREKIA / ABIERTO|71.526,75|21 %|86.547,37|86.547,37||DESIERTO|||||SI||ZERBITUZAK||||||PAZ-73||
V-24/19||AURREFABRITUTAKO MODULUZ OSATUTAKO BEHIN-BEHINEKO ERAIKINAREN HORNIKUNTZA ETA INSTALAZIOA, OBRA ZIBILA BARNE|SUMINISTRO E INSTALACIÓN , INCLUYENDO OBRA CIVIL, DE UN EDIFICIO PROVISIONAL FORMADO POR MÓDULOS PREF|SUMINISTRO|IREKIA / ABIERTO|66.093,41|21 %|79.973,03|79.973,03||DESIERTO|2019/12/20||||SI||HIRIGINTZA||||||PAZ-73||
V-14/19||IBAIONDO FRONTOIKO KANTINAREN USTIAPENA ETA ZERBITZU OSAGARRIAK(I)|EXPLOTACIÓN DE LA CANTINA DEL FRONTON IBAIONDO DE ANTXO Y SERVICIOS COMPLEMENTARIOS (I)|GESTIÓN|IREKIA / ABIERTO||21 %|Canon mensual mínimo de 100 euros|0,00||DESIERTO|2020/12/26||||SI||KIROLAK||||||PAZ-70||
OM-01/20||GRAN SOL KALEA BERRUBANIZATZEKO LANAK|OBRA REURBANIZACIÓN GRAN SOL|OBRA|IREKIA / ABIERTO|41.046,79|21 %|49.666,62|49.666,62||DELSA IRUN S.L.|2020/06/10|4 SEMANAS|37.000,00|44.770,00|SI||HIRIGINTZA||||||HIRIGINTZAN DAGO||
OM-02/20||EDATEKO URA TRATATZEKO ESTAZIOA ERAIKITZEA DONIBANEKO EDATEKO URAREN HORNIDIRA-SISTEMAN|CONSTRUCCIÓN DE ETAP EN SISTEMA DE ABASTECIMINETO A.P. EN DONIBANE|OBRA|IREKIA / ABIERTO|93.171,17|21 %|112.737,12|112.737,12||URBYCOLAN, S.L. |2020/08/13|14 SEMANAS|86.997,96|105.267,53|SI||ZERBITUZAK||||||2020WLIZ0002||
V-01/20||PASAIAKO UDALEKO ZERBITZU, SARE ETA MANTENTZE-LANETAKO SAILERAKO LAU IBILGAILU MISTOREN HORNIDURA|SUMINISTRO DE CUATRO VEHÍCULOS MIXTOS  PARA EL DEPARTAMENTO |SUMINISTRO|IREKIA / ABIERTO|33.057,85|21 %|40.000,00 €|40.000,00||DESIERTO|2020/06/30||||SI||ZERBITUZAK||||||PAZ 73||
V-03/20||PASAIAKO UDALEKO ZERBITZU, SARE ETA MANTENTZE-LANETAKO SAILERAKO LAU IBILGAILU MISTOREN HORNIDURA|SUMINISTRO DE CUATRO VEHÍCULOS MIXTOS  PARA EL DEPARTAMENTO |SUMINISTRO|IREKIA / ABIERTO|33.057,85|21 %|40.000,00 €|40.000,00||DESIERTO|2020/09/10||||SI||ZERBITUZAK||||||2020WLIZ0007||
V-22/19||PASAIAKO UDALTZAINGORAKO PATRUILA-AUTO BAT HORNITZEA|SUMINISTRO DE UN VEHÍCULO DE PATRULLA TIPO TURISMO PARA LA POLICÍA MUNICIPAL DE PASAIA|SUMINISTRO|IREKIA / ABIERTO|21.487,60|21 %|26.000,00 €|26.000,00||EUPRAXIA CAR SL|2020/06/18|45 DIAS|20.157,03|24.390,00|SI||UDALTZAINGOA||||||PAZ 73||
V-03/20||PASAIAKO UDALEKO HAUR ESKOLA|ESCUELA MUNICIPAL INFANTIL DE PASAIA|SERVICIO|IREKIA / ABIERTO||21 %||0,00||LILITEGIA S.L.|2020/09/24|2 AÑOS. POSIBLES 2 PRORROGAS DE 1 AÑO. (2022-2023).|20.758,75|EXENTO IVA||2022:  1ª prorroga         2023: 2ª prorroga          2024: nueva contratacion|KULTURA||2024/09/23|2022/07/23|2023/07/23||2020WLIZ0003||
V-04/20||UDAL LUDOTEKEN KUDEAKETA ETA ANIMAZIOA|GESTIÓN Y ANIMACIÓN DE LAS LUDOTECAS MUNICIPALES|SERVICIO|IREKIA / ABIERTO||21 %||0,00||KANTAURI LUDIKO ELKARTEA -ASOCIACION LUDICA KANTAURI ELKARTEA|2020/09/23|2 AÑOS. POSIBLES 2 PRORROGAS DE 1 AÑO. (2022-2023).|172.000,00|189.200,00||2022:  1ª prorroga         2023: 2ª prorroga          2024: nueva contratacion|GAZTERIA||2024/09/23|2022/07/23|2023/07/23||2020WLIZ0008   PAZ 73 (Kontratua)||
V-02/20||ARROKAUNDIETAKO UDAL ATERPETXEAREN KUDEAKETA ETA ANIMAZIOA|GESTIÓN Y ANIMACIÓN DEL ALBERGUE MUNICIPAL DE ARROKAUNDIETA|SERVICIO|IREKIA / ABIERTO||21 %||0,00||URTXINTXA  AISIALDIKO ESKOLA-GIPUZKOA|2020/10/01|2 AÑOS. POSIBLES 2 PRORROGAS DE 1 AÑO. (2022-2023).|350 € HILEAN + 50% de las tasas de alojamiento anual|||2022:  1ª prorroga         2023: 2ª prorroga          2024: nueva contratacion|GAZTERIA||2024/09/30|2022/07/30|2023/07/30||2020WLIZ0005||
V-06/20||IBAIONDO FRONTOIKO KANTINAREN USTIAPENA ETA ZERBITZU OSAGARRIAK (III)|EXPLOTACIÓN DE LA CANTINA DEL FRONTÓN IBAIONDO DE ANTXO Y SERVICIOS COMPLEMENTARIOS (IV)|GESTIÓN|IREKIA / ABIERTO|Canon Ayuntamiento: 370,90|21 %|Canon Ayuntamiento: 450|#BALIOA!||DESIERTO|||||SI||KIROLAK||||||2020WLIZ0002||
V-08/20||PASAIAKO UDALEKO ZERBITZU, SARE ETA MANTENTZE-LANETAKO SAILERAKO HIRU IBILGAILU MISTOREN HORNIDURA|SUMINISTRO DE TRES VEHÍCULOS MIXTOS PARA EL DEPARTAMENTO DE SERVICIOS, REDES Y MANTENIMIENTO DE PASAIA|SUMINISTRO|IREKIA / ABIERTO||21 %||0,00||EUPRAXIA CAR SL|2020/11/19|60 Días|32.850,00|39.748,50|SI||ZERBITZUAK||||||2020WLIZ0011||
V-07/20||PASAIAKO UDALTZAINGORAKO ARROPAREN HORNIDURA|SUMINISTRO  DE VESTUARIO PARA LA GUARDIA MUNICIPAL DE PASAIA|SUMINISTRO|IREKIA / ABIERTO||21 %||0,00||COMESA EQUIPAMIENTO INTEGRAL DE SEGURIDAD S.L.|2020/12/09|2 AÑOS. POSIBLES 2 PRORROGAS DE 1 AÑO. (2022-2023).|18.785,55|22.730,52||2022:  1ª prorroga         2023: 2ª prorroga          2024: nueva contratacion|UDALTZAINGOA||2024/12/08|2022/10/08|2023/10/08||2020WLIZ0009||
V-12/20||PASAIAKO UDALAREN ETA BERE ERAKUNDE AUTONOMOEN ONDARE-ERANTZUKIZUNA ETA ONDASUNEN GAINEKO KALTEAK ESTALTZEKO ASEGURUAK (II)|SEGUROS DE RESPONSABILIDAD PATRIMONIAL Y DE DAÑOS EN BIENES DEL AYUNTAMIENTO DE PASAIA Y SUS ORGANISMOS AUTÓNOMOS|SERVICIO|IREKIA / ABIERTO|Lote 1: Responsabilidad civil :33.000€      Lote 2:Daños: 20.000€                   |21 %|Lote 1: Responsabilidad civil :33.000€      Lote 2:Daños: 20.000€                   |#BALIOA!||DESIERTO||2 AÑOS. POSIBLES 2 PRORROGAS DE 1 AÑO. (2022-2023).|||SI||IDAZKARITZA||||||2020WLIZ0023||
V-10/20 ||TELEFONIAKO ZERBITZUAK|SERVICIOS DE TELEFONÍA|SERVICIO|IREKIA / ABIERTO|Lote 1: 12.000€      Lote 2: 5.000€                   |21 %|Lote 1: 14.520           Lote 2: 6.050€                           |#BALIOA!||lote1: Telefonía fija: EUSKALTEL S.L.    Lote 2: Telefonía movil: EUSKALTEL S.L.|2021/03/12|2 AÑOS. POSIBLES 2 PRORROGAS DE 1 AÑO. (2023-2024).|Lote 1: 8.527,785                Lote 2: 3.710,40 €                   |||2023: 1ª Prorroga              2024: 2ª Prorroga|INFORMATIKA||2025/03/12|2023/01/12|2024/01/12||2020WLIZ0019||
V-02/21||PASAIAKO UDALAREN ETA BERE ERAKUNDE AUTONOMOEN ONDARE-ERANTZUKIZUNA ETA ONDASUNEN GAINEKO KALTEAK ESTALTZEKO ASEGURUAK (II)|SEGUROS DE RESPONSABILIDAD PATRIMONIAL Y DE DAÑOS EN BIENES DEL AYUNTAMIENTO DE PASAIA Y SUS ORGANISMOS AUTÓNOMOS|SERVICIO|IREKIA / ABIERTO|Lote 1: Responsabilidad civil :33.000€      Lote 2:Daños: 20.000€                   |21 %|Lote 1: Responsabilidad civil :33.000€      Lote 2:Daños: 20.000€                   |#BALIOA!||DESIERTO||2 AÑOS|||SI||IDAZKARITZA||||||2021WLIZ0002||
V-11/20||IBAIONDO FRONTOIKO KANTINAREN USTIAPENA ETA ZERBITZU OSAGARRIAK (IV)|EXPLOTACIÓN DE LA CANTINA DEL FRONTÓN IBAIONDO DE ANTXO Y SERVICIOS COMPLEMENTARIOS (IV)|GESTIÓN|IREKIA / ABIERTO|Canon Ayuntamiento: 370,90|21 %|Canon Ayuntamiento: 450|#BALIOA!||JOSEBA DONABERA PRIETO|2021/03/15|1 año+ posibles 3 prorrogas de 1 año||1,00||2022:  1ª prorroga         2023: 2ª prorroga          2024: 3ª prorroga|KIROLAK||2025/03/14|2022/01/14|2023/01/14|2024/01/14|2020WLIZ0022||
2021WLIZ0001||GOXATU SEXU ETA GENERO AHOLKULARITZA ZERBITZUA GAZTEENTZAT|GOXATU SERVICIO DE ASESORÍA SEXUAL Y DE GÉNERO PARA JÓVENES |SERVICIO|IREKIA / ABIERTO|10.100,00 €|10 %|11.110,00 €|11.110,00||LAHIA 3.0 SEXOLOGIA ETA HEZKIDETZA ELKARTEA|2021/05/11|2 AÑOS. POSIBLES 2 PRORROGAS DE 1 AÑO. (2023-2024).|10.100€ (Exento Iva)|10.100€ (Exento Iva)||2023: 1ª Prorroga              2024: 2ª Prorroga|GAZTERIA||2025/05/10|2023/03/10|2024/03/10||2021WLIZ0001||
2021WLIZ0002||PASAIAKO UDALAREN ETA BERE ERAKUNDE AUTONOMOEN ONDARE-ERANTZUKIZUNA ETA ONDASUNEN GAINEKO KALTEAK ESTALTZEKO ASEGURUAK (II)|SEGUROS DE RESPONSABILIDAD PATRIMONIAL Y DE DAÑOS EN BIENES DEL AYUNTAMIENTO DE PASAIA Y SUS ORGANISMOS AUTÓNOMOS|SERVICIO|IREKIA / ABIERTO|Lote 1: Responsabilidad civil :33.000€      Lote 2:Daños: 20.000€                   |21 %|Lote 1: Responsabilidad civil :33.000€      Lote 2:Daños: 20.000€                   |#BALIOA!||DESIERTO||2 AÑOS.|||SI||IDAZKARITZA||||||2021WLIZ0002||
2020WLIZ0018||SAN PEDROKO ONDARTXO PASEALEKUKO MENDI-HEGALA EGONKORTZEKO OBRAK|OBRAS ESTABILIZACIÓN LADERA PASEO ONDARTXO DE SAN PEDRO|OBRA|IREKIA / ABIERTO|311067,25|21 %|376391,37|376.391,37||CONSTRUCCIONES URDINBERRI S.L|2021/04/26|4 MESES|288618,61 Modificación contrato + 83.817,12|238527,78 Modificación contrato +101.418,71|SI||HIRIGINTZA||||||2020WLIZ0018||
2020WLIZ0016||DONIBANEN IRISGARRITASUNA HOBETZEKO PROIEKTUA IDAZTEKO KONTRATAZIORAKO LEHIAKETA| CONCURSO PARA LA CONTRATACION DE LA REDACCION DE UN PROYECTO DE MEJORA DE LA ACCESIBILIDAD EN BORDALABORDA EN DONIBANE|SERVICIO|IREKIA / ABIERTO|1º Premio:3.000  2º premio:2.500  3º premio:1.500|21 %|1º Premio:3.630  2º premio:3.025  3º premio:1.815|#BALIOA!||1º AIZPURUA ARQUITECTOS ASOCIADOS (Ateak irekitzen)      2ª VAUMM ARQUITECTURA Y URBANISMO S.L.P. (Badiari begira)                                          3º I-INGENIA INGENIEROS Y ARQUITECTURA S.A. (Gorantza itsasoari begira)||30 días|1º Premio:3.000                 2º premio:2.500                 3º premio:1.500|1º Premio:3.630                 2º premio:3.025                 3º premio:1.815|SI|SI|HIRIGINTZA||||||2020WLIZ0016||
2021WLIZ0005||DONIBANEN IRISGARRITASUNA HOBETZEKO PROIEKTUA IDAZTEA| REDACCIÓN DE UN PROYECTO DE MEJORA DE LA ACCESIBILIDAD EN DONIBANE|SERVICIO|NEGOZIATUA, PUBLIZITATERIK GABE/ NEGOCIADO SIN PUBLICIDAD|23.576,03 €|21 %|28.527,00 €|28.527,00||AIZPURUA ARQUITECTOS ASOCIADOS|2021/05/19|26 SEMANAS|23.550,00|28.495,50|||HIRIGINTZA||||||2021WLIZ0005||
2021WLIZ0006||PASAIAKO UDALAREN ETA BERE ERAKUNDE AUTONOMOEN ONDARE-ERANTZUKIZUNA ETA ONDASUNEN GAINEKO KALTEAK ESTALTZEKO ASEGURUAK (III)|SEGUROS DE RESPONSABILIDAD PATRIMONIAL Y DE DAÑOS EN BIENES DEL AYUNTAMIENTO DE PASAIA Y SUS ORGANISMOS AUTÓNOMOS (III)|SERVICIO|IREKIA / ABIERTO|Lote 1: Responsabilidad civil :40.000€      Lote 2:Daños: 44.000€                   |21 %|Lote 1: Responsabilidad civil :40.000€      Lote 2:Daños: 44.000€                   |#BALIOA!||Lote 1: Responsabilidad civil : MAPFRE ESPAÑA COMPAÑIA DE SEGUROS Y REASEGUROS, S.A.     Lote 2:Daños: MAPFRE ESPAÑA COMPAÑIA DE SEGUROS Y REASEGUROS, S.A.|2021/07/01|2 AÑOS|Lote 1: Responsabilidad civil :35.385,05 € Franquicia 750 €    Lote 2:Daños: 39.600  € Franquicia: 250 €                   ||||IDAZKARITZA||2023/06/30||||2021WLIZ0006||
2021WLIZ0007||PASAIAKO 2021-2030 EUSKARAREN  ERABILERA SUSTATZEKO PLAN ESTRATEGIKOAREN DISEINUA|DISEÑO DEL PLAN ESTRATEGICO PARA LA PROMOCIÓN DEL USO DEL EUSKERA EN  PASAIA 2021-2030|SERVICIO|IREKIA / ABIERTO|28.099,17 €|21 %|34.000,00 €|34.000,00||ELHUYAR-ZUBIZE, S.L.U.|2021/06/22|6 MESES|26.975,20|28099,17|||EUSKARA||||||2021WLIZ0007||
2021WLIZ0010||ANDONAEGIKO FUTBOL-HOKEY ZELARIAREN KUDEAKETA |GESTIÓN DEL CAMPO DE FÚTBOL-HOKEY DE ANDONAEGI|SERVICIO|IREKIA / ABIERTO|34.761,33 €|21 %|42.061,21 €|42.061,21||INTXAURDI K.E.|2021/08/28|2 AÑOS. POSIBLES 2 PRORROGAS DE 1 AÑO. (2023-2024).|32.995,00|39.923,95||2023: 1ª Prorroga              2024: 2ª Prorroga|KIROLAK||2025/08/27|2023/06/27|2024/06/27||2021WLIZ0010||
2021WLIZ0016||PASAIAKO KLIMA ETA ENERGIA PLANA IDAZTEKO AHOLKULARITZA ENPRESA BATEN KONTRATAZIOA|CONTRATACIÓN DE UNA CONSULTORA PARA LA REDACCIÓN DEL PLAN DE CLIMA Y ENERGÍA DE PASAIA|SERVICIO|IREKIA / ABIERTO|33.057,85 €|21 %|40.000,00 €|40.000,00||DOS SOSTENIBILIDAD Y CLIMA S.L.|2021/10/14|1 año,|29.090,91|35.200,00|||HIRIGINTZA||||||2021WLIZ0016||
2021WLIZ0011||DONIBANE KALEKO ETXEBIZITZA BIKOITIEN ATZEKO BELAR-SASTRAKAK GARBITZEKO KONTRATAZIOA|CONTRATACIÓN DESBROCE TRASERA VIVIENDAS PARES CALLE DONIBANE. GERKUD 31343|SERVICIO|IREKIA / ABIERTO|20.661,16 €|21 %|25.000,00 €|25.000,00|||||||||ZERBITZUAK||||||2021WLIZ0011|Requerimiento documentación empresa. Plazo 5 de enero|
2020WLIZ0015||ANDONAEGIKO GUARDA-ETXEA BIRGAITZEKO   OBRA|OBRA DE REHABILITACIÓN DE LA ANTIGUA CASA DEL GUARDA DE ANDONAEGI|OBRA|IREKIA SINPLI / ABIERTO SIMPLI|103.452,54 €|21 %|125.177,57 €|125.177,57||ADELSA IRUN S.L|2021/10/18|4 MESES|103.452,54|125.177,57|||ZERBITUZAK||||||2021WLIZ0015||
2021WLIZ0021||DONIBANERAKO ETA SAN PEDRORAKO AUTOLIKUGARRIEN HORNIDURA ETA INSTALAZIOA|SUMINISTRO E INSTALACIÓN DE ASEOS AUTOLIMPIABLES EN DONIBANE Y SAN PEDRO||IREKIA SINPLI / ABIERTO SIMPLI|108.100,00 €|21 %|130.801,00 €|130.801,00||OLPRIM INGENERÍA Y SERVICIOS, S.A |2021/11/26|7 semanas+3 años|97.169,00|117.574,49|||ZERBITZUAK||||||2021WLIZ0021||
2021WLIZ0022||PROSAKO ESTALKIAREN OBRA|OBRA DE CUBIERTA DE PROSA||IREKIA SINPLI / ABIERTO SIMPLI|185.962,89 €|21 %|225.015,10 €|225.015,10||JOSEBA ZUBILLAGA SESTORAIN|2022/02/28|120 DÍAS|163.647,34|198.013,28 |||HIRIGINTZA||||||2021WLIZ0022|Requerimiento documentación a Joseba Zubia. |
2021WLIZ0023|| PASAI SAN PEDROKO JUBILATUEN EGOITZA BERRITZEKO OBRAK|OBRA DE REFORMA INTERIOR DEL HOGAR DE JUBILADOS DE PASAI SAN PEDRO||IREKIA SINPLI / ABIERTO SIMPLI|58.684,00 €|21 %|71.007,64 €|71.007,64||CORYD, SL |2022/02/22|12 semanas (+2 sem comien)|50500|61105|||ZERBITZUAK||||||2021WLIZ0023|Requerimiento documentación temeraria, plazo 3 de enero|
2021WLIZ0027||PASAIAKO BIDEAK BERASFALTATZE ETA ZOLATZEKO OBRAK|OBRAS DE REASFALTADO Y PAVIMENTACIÓN EN VIALES DE PASAIA||IREKIA SINPLI / ABIERTO SIMPLI|264.436,22 €|21 %|319.967,83 €|319.967,83|||2022/02/27|2 MESES (+8 sem.comien)|||||ZERBITZUAK||||||2021WLIZ0027|Requerido documentación temeraria. Entregada|
2021WLIZ0030||PASAIAKO UDALTZAINGORAKO PATRUILA-AUTO HIBRIDO ENTXUFAGARRI BAT HORNITZEA|SUMINISTRO DE UN VEHÍCULO PATRULLA TIPO TURISMO HIBRIDO ENCHUFABLE PARA LA POLICÍA MUNICIPAL DE PASAIA|SUMINISTRO|IREKIA SINPLI / ABIERTO SIMPLI|49.586,77€|21 %|60.000,00 €|59.999,99||||6 MESES|||||UDALTZAINGOA||||||2021WLIZ0030|Pendiente de realizar informe Faya|
